Vehicle,fm,Mileage,lh,lc,mc,State
1,0.00,863.00,1.10,66.30,697.23,MS
2,10.00,4644.00,2.40,233.03,119.66,CA
3,15.00,16330.00,4.20,325.08,175.46,WI
4,0.00,13.00,1.00,66.64,0.00,OR
5,13.00,22537.00,4.50,328.66,175.46,AZ
6,21.00,40931.00,3.10,205.28,175.46,FL
7,11.00,34762.00,0.70,49.17,145.20,LA
8,5.00,11051.00,2.90,208.80,270.04,GA
9,8.00,7003.00,3.40,212.06,119.66,WA
10,1.00,11.00,0.70,44.43,0.00,PA
11,17.00,24879.00,3.50,260.29,119.66,TX
12,3.00,5339.00,3.20,236.93,440.13,LA
13,14.00,29782.00,10.00,695.10,228.12,FL
14,19.00,56111.00,2.00,116.00,183.31,OH
15,13.00,21946.00,3.80,312.36,175.46,MA
16,8.00,3101.00,3.10,220.61,119.66,VA
17,15.00,41965.00,0.90,66.25,119.66,OH
18,3.00,15365.00,2.00,158.94,175.46,CO
19,12.00,44865.00,4.90,319.51,119.66,FL
20,8.00,14025.00,1.40,87.42,1.85,NH
21,18.00,29987.00,2.60,182.17,128.21,IN
22,11.00,20694.00,2.30,194.48,119.66,CA
23,16.00,20879.00,0.20,10.57,0.00,MT
24,20.00,17503.00,4.10,308.60,119.66,NY
25,17.00,24568.00,4.80,373.44,119.66,TX
26,11.00,14400.00,2.10,145.79,119.66,UT
27,18.00,12220.00,0.80,66.93,119.66,MA
28,8.00,14319.00,1.90,141.10,119.66,VA
29,0.00,5.00,0.50,34.01,8.23,MA
30,10.00,34644.00,4.70,341.22,119.66,FL
31,17.00,24719.00,2.40,147.98,119.66,NY
32,4.00,13259.00,2.50,170.77,119.66,VA
33,6.00,12424.00,1.70,148.60,145.30,NJ
34,5.00,7702.00,2.70,165.97,323.31,MI
35,0.00,10.00,3.00,176.18,118.47,NY
36,9.00,15017.00,3.70,286.01,119.66,UT
37,17.00,19489.00,0.50,37.53,0.00,MA
38,7.00,5461.00,0.80,55.67,119.66,MN
39,5.00,11912.00,9.50,543.49,119.66,WI
40,8.00,20370.00,0.70,56.60,128.21,IL
41,4.00,3879.00,1.80,122.25,175.46,CA
42,17.00,20831.00,1.30,107.21,119.66,CT
43,3.00,4417.00,4.90,365.68,119.66,MN
44,6.00,6781.00,0.80,47.60,119.66,SC
45,4.00,6244.00,3.30,267.30,204.95,CA
46,22.00,41053.00,4.00,286.91,119.66,NC
47,13.00,7987.00,4.00,364.38,119.66,MA
48,15.00,13394.00,4.10,325.92,171.04,CA
49,6.00,7219.00,4.50,314.40,0.00,OH
50,1.00,1723.00,1.90,128.09,119.66,TX
51,3.00,2855.00,0.90,59.07,119.66,PA
52,15.00,17635.00,0.70,53.72,119.66,LA
53,19.00,14796.00,16.40,1268.21,276.50,NM
54,15.00,28904.00,1.40,93.68,119.66,ME
55,14.00,48247.00,2.90,196.37,369.16,TX
56,13.00,90325.00,0.80,50.85,119.66,MS
57,13.00,22603.00,2.60,166.55,118.47,SD
58,13.00,20740.00,4.20,295.94,181.93,FL
59,12.00,24008.00,4.10,255.84,119.66,NM
60,15.00,44338.00,0.80,55.53,175.46,ID
61,2.00,2424.00,1.80,129.41,119.66,TX
62,9.00,65383.00,15.40,1051.68,1193.46,TX
63,1.00,1659.00,1.60,97.29,119.66,TN
64,13.00,28305.00,1.30,107.10,175.46,CA
65,1.00,487.00,1.40,89.73,0.00,NE
66,19.00,42846.00,1.40,89.30,128.21,GA
67,1.00,1776.00,1.30,74.49,119.66,OH
68,22.00,28630.00,0.40,30.84,119.66,FL
69,21.00,49185.00,3.80,262.33,119.66,NC
70,10.00,22389.00,5.90,410.10,119.66,FL
71,8.00,80064.00,3.90,303.01,175.46,CA
72,4.00,14587.00,3.10,246.09,125.68,SC
73,16.00,36876.00,7.10,646.62,119.66,CA
74,11.00,33459.00,0.00,0.00,0.00,FL
75,2.00,4907.00,8.70,693.23,340.74,MO
76,9.00,30838.00,9.00,659.88,671.75,FL
77,0.00,4.00,1.50,117.41,0.00,GA
78,14.00,10481.00,1.50,110.40,119.66,VA
79,7.00,7863.00,1.20,95.48,119.66,MD
80,19.00,33146.00,2.60,205.42,119.66,LA
81,9.00,26962.00,2.60,207.18,119.66,MO
82,10.00,33543.00,3.50,287.70,175.46,MN
83,15.00,32672.00,5.20,413.92,311.89,MO
84,0.00,23.00,2.20,144.28,185.96,GA
85,8.00,14978.00,3.70,247.77,400.89,NY
86,11.00,7874.00,1.30,102.57,404.78,WA
87,7.00,12387.00,2.60,207.04,206.14,UT
88,13.00,62676.00,3.90,241.29,119.66,TX
89,0.00,14.00,3.00,202.00,118.36,AL
90,18.00,46505.00,3.20,229.02,119.66,FL
91,11.00,13359.00,2.40,164.40,119.66,CO
92,3.00,16054.00,1.30,77.92,358.93,IA
93,21.00,37693.00,14.30,871.43,401.10,MS
94,18.00,32320.00,2.60,206.40,119.66,SC
95,11.00,11558.00,1.40,121.71,119.66,CA
96,10.00,14951.00,3.50,224.24,119.66,TX
97,15.00,19145.00,7.00,531.26,180.29,AZ
98,2.00,6060.00,3.90,318.96,119.66,WA
99,0.00,235.00,1.30,76.55,118.36,OK
100,16.00,22157.00,3.10,225.37,128.21,GA
101,2.00,2841.00,0.70,46.62,125.29,TX
102,4.00,7104.00,1.90,142.64,119.66,TX
103,15.00,54704.00,5.90,392.47,119.66,FL
104,8.00,6682.00,3.70,245.15,0.00,IN
105,7.00,13062.00,4.00,245.46,119.66,FL
106,22.00,33096.00,2.90,244.35,162.05,FL
107,15.00,48917.00,7.20,520.37,175.46,OH
108,15.00,16559.00,1.50,103.40,119.66,TN
109,1.00,2702.00,4.80,283.98,379.53,MO
110,3.00,20309.00,6.80,514.19,175.46,TX
111,5.00,8476.00,4.80,312.99,119.66,FL
112,10.00,35021.00,1.40,74.57,119.66,SC
113,12.00,11959.00,2.70,218.94,12.71,AZ
114,9.00,18862.00,3.50,229.73,119.66,PA
115,11.00,22210.00,1.10,73.55,0.00,MI
116,4.00,17580.00,2.40,141.60,128.21,GA
117,14.00,17261.00,2.30,159.66,320.89,TX
118,8.00,16987.00,5.30,392.04,217.75,CT
119,5.00,30701.00,5.60,429.92,773.99,MI
120,20.00,43954.00,3.20,221.44,175.46,TX
121,10.00,14632.00,2.00,120.67,119.66,TN
122,15.00,20634.00,0.70,37.86,165.83,GA
123,9.00,22807.00,1.40,82.68,119.66,MN
124,5.00,13130.00,3.00,213.90,174.89,KS
125,9.00,5066.00,3.90,256.47,119.66,TX
126,15.00,17636.00,1.00,64.86,184.69,AL
127,9.00,14319.00,4.40,280.64,119.66,FL
128,16.00,28544.00,1.70,126.62,0.00,TX
129,14.00,42053.00,4.70,373.21,119.66,TX
130,18.00,32262.00,0.50,34.70,119.66,SC
131,20.00,63877.00,2.00,149.36,119.66,MA
132,19.00,20970.00,1.80,141.11,119.66,TX
133,12.00,11586.00,2.40,158.63,119.66,KS
134,5.00,9377.00,4.50,308.22,119.66,CO
135,7.00,17500.00,3.90,299.34,119.66,AZ
136,0.00,10.00,0.80,54.11,0.00,CA
137,13.00,23723.00,2.00,133.65,175.46,TX
138,18.00,23882.00,5.30,453.59,0.00,CA
139,8.00,25089.00,4.80,365.60,175.45,TX
140,12.00,34795.00,4.60,391.00,338.48,CO
141,16.00,51253.00,0.00,0.00,0.00,IN
142,1.00,574.00,1.90,151.29,119.66,UT
143,14.00,41967.00,3.30,232.21,119.66,TX
144,2.00,2016.00,1.50,106.44,175.45,CO
145,9.00,7065.00,2.40,169.52,119.66,OH
146,8.00,15047.00,5.30,453.59,119.66,CA
147,1.00,515.00,10.40,813.10,276.89,WA
148,4.00,6645.00,1.70,124.54,119.66,OR
149,2.00,2965.00,1.30,89.46,119.66,OH
150,6.00,17642.00,3.50,297.50,426.67,CO
151,16.00,58110.00,5.60,353.55,119.66,TX
152,9.00,35616.00,0.70,46.84,133.32,TX
153,0.00,178.00,2.00,157.80,9.55,TX
154,18.00,35299.00,2.30,172.80,119.66,OK
155,11.00,64935.00,4.80,351.88,486.54,FL
156,13.00,26224.00,4.10,261.51,119.66,FL
157,11.00,23614.00,1.60,140.21,119.66,MN
158,12.00,42660.00,0.70,37.80,126.04,MO
159,14.00,50039.00,1.10,71.61,160.19,OH
160,16.00,17156.00,4.20,372.54,128.21,IL
161,7.00,24984.00,4.80,310.24,119.66,TX
162,9.00,40878.00,8.60,425.87,1004.68,AR
163,3.00,15975.00,1.30,99.14,8.11,NY
164,9.00,27850.00,3.30,231.00,175.46,OH
165,14.00,25922.00,1.50,121.01,201.70,PA
166,13.00,27483.00,0.70,42.98,128.21,GA
167,5.00,33287.00,3.80,243.20,119.66,FL
168,15.00,45045.00,1.00,59.62,119.66,NC
169,7.00,15843.00,10.20,519.81,169.34,TN
170,18.00,31253.00,3.40,287.08,119.66,CO
171,19.00,32189.00,5.20,418.74,175.46,AZ
172,5.00,24654.00,2.50,175.56,119.66,LA
173,1.00,5512.00,1.60,106.44,119.66,TN
174,9.00,30053.00,3.60,304.42,119.66,CA
175,8.00,75554.00,4.30,273.34,128.21,GA
176,8.00,4287.00,3.00,222.59,404.78,FL
177,4.00,5365.00,2.20,128.01,118.47,MI
178,10.00,17204.00,1.20,78.92,137.55,TX
179,1.00,2402.00,4.10,334.18,203.14,CO
180,8.00,23937.00,5.20,317.00,261.94,TX
181,11.00,29004.00,0.90,51.45,119.66,TN
182,11.00,31319.00,1.10,90.72,0.00,CT
183,2.00,2943.00,5.90,359.66,119.66,TX
184,6.00,8096.00,9.20,957.81,149.45,CA
185,12.00,27223.00,2.60,208.00,119.66,MO
186,14.00,28145.00,0.80,50.19,128.21,IL
187,17.00,29406.00,4.00,293.21,175.46,LA
188,9.00,11418.00,5.00,376.64,206.14,FL
189,12.00,45366.00,6.90,529.27,175.46,TX
190,19.00,24244.00,1.60,125.48,0.00,MN
191,18.00,43203.00,8.50,526.15,207.87,TN
192,8.00,32021.00,7.40,575.72,317.72,TX
193,3.00,3526.00,3.20,233.57,119.66,LA
194,15.00,65090.00,2.90,188.99,175.46,TX
195,0.00,362.00,5.00,340.50,118.36,OH
196,9.00,50146.00,1.70,117.47,119.66,MI
197,10.00,55273.00,2.10,145.11,175.46,MI
198,8.00,51431.00,2.10,165.91,119.66,OR
199,2.00,4406.00,5.60,421.28,188.00,GA
200,16.00,28085.00,1.10,92.87,0.00,CA
201,12.00,21189.00,1.30,105.64,119.66,CA
202,10.00,16189.00,4.40,294.80,119.66,TX
203,3.00,12841.00,0.00,0.00,0.00,SC
204,11.00,19143.00,5.50,470.71,259.76,CA
205,13.00,38255.00,9.00,628.93,421.41,OR
206,14.00,35191.00,1.50,118.51,175.46,MO
207,7.00,19740.00,9.00,655.20,905.76,TX
208,11.00,7729.00,1.60,116.17,119.66,OH
209,16.00,49572.00,1.00,50.40,284.02,MT
210,11.00,27623.00,1.70,117.91,206.14,LA
211,1.00,850.00,2.60,146.14,400.38,TX
212,20.00,33874.00,2.40,194.63,119.66,FL
213,14.00,21610.00,3.50,171.56,119.66,OH
214,6.00,9419.00,0.00,0.00,0.00,VA
215,11.00,16760.00,0.90,61.20,119.66,TX
216,17.00,37918.00,3.30,224.09,128.21,IN
217,13.00,6321.00,4.20,413.68,161.96,NJ
218,15.00,13369.00,3.80,308.16,596.59,CA
219,9.00,28141.00,4.90,382.77,369.16,TX
220,14.00,19928.00,2.90,214.85,175.46,TN
221,15.00,35989.00,12.30,863.70,433.77,TX
222,7.00,23570.00,0.80,58.75,175.46,NC
223,10.00,28399.00,0.70,54.53,123.72,NY
224,4.00,23172.00,6.90,394.11,1255.49,TX
225,17.00,38149.00,14.60,885.34,2800.19,GA
226,19.00,17879.00,1.70,121.20,175.46,FL
227,8.00,8847.00,2.80,203.35,119.66,ID
228,20.00,44797.00,1.40,103.78,128.21,IL
229,8.00,51948.00,6.40,407.57,718.72,NC
230,8.00,9085.00,1.00,67.70,119.66,OH
231,8.00,12276.00,4.90,292.89,119.66,TX
232,13.00,67446.00,5.00,386.97,471.70,TX
233,21.00,7465.00,2.60,193.11,119.66,CO
234,17.00,5988.00,3.60,227.88,119.66,AZ
235,18.00,11251.00,4.30,273.34,128.21,GA
236,3.00,2921.00,8.70,530.27,118.36,TX
237,12.00,42810.00,2.30,172.85,127.11,FL
238,11.00,17437.00,1.20,83.11,175.46,KY
239,3.00,7476.00,1.90,118.60,118.36,KS
240,7.00,20895.00,6.80,533.37,235.66,CO
241,4.00,40281.00,0.20,11.84,128.21,GA
242,12.00,26527.00,3.30,223.46,119.66,TX
243,5.00,16420.00,0.50,28.50,119.66,MI
244,4.00,21607.00,0.00,0.00,0.00,AL
245,12.00,11700.00,1.40,99.91,128.21,IN
246,19.00,45544.00,5.60,410.90,181.93,TX
247,0.00,641.00,0.70,48.55,119.66,LA
248,18.00,65844.00,5.00,387.81,119.66,FL
249,1.00,277.00,5.00,321.05,0.00,FL
250,14.00,14911.00,2.60,160.25,119.66,NC
251,18.00,17895.00,3.10,230.67,119.66,FL
252,0.00,11.00,2.40,204.15,0.00,CA
253,1.00,478.00,1.40,89.89,119.66,FL
254,7.00,58644.00,1.70,117.99,128.21,IN
255,20.00,57564.00,5.40,405.70,1218.63,NC
256,10.00,20844.00,1.30,94.51,128.21,GA
257,11.00,62086.00,0.00,0.00,0.00,TX
258,7.00,25622.00,2.40,168.55,175.46,LA
259,7.00,64157.00,1.10,86.32,119.66,CA
260,14.00,16749.00,2.60,203.84,128.21,GA
261,11.00,25054.00,2.30,164.61,119.66,TX
262,12.00,31716.00,2.30,196.62,119.66,CA
263,10.00,57945.00,1.00,72.70,220.87,GA
264,3.00,8622.00,5.50,335.29,175.46,TX
265,12.00,31558.00,2.90,230.27,175.46,TX
266,18.00,3.00,3.60,234.74,119.66,FL
267,14.00,98508.00,2.10,137.91,175.46,NC
268,6.00,5304.00,5.30,453.59,119.66,CA
269,13.00,20042.00,2.10,139.86,0.00,TX
270,6.00,21675.00,1.20,81.84,119.66,CO
271,2.00,1705.00,1.40,109.58,128.21,GA
272,15.00,51924.00,1.30,105.13,119.66,CA
273,11.00,30027.00,3.30,200.85,259.76,OH
274,4.00,25296.00,1.30,89.81,128.21,IN
275,10.00,15222.00,1.00,74.43,119.66,NM
276,17.00,23061.00,5.30,453.59,119.66,CA
277,11.00,19090.00,4.00,268.00,119.66,TX
278,16.00,41237.00,2.50,143.48,119.66,SC
279,4.00,7057.00,2.60,173.40,175.46,TX
280,16.00,37799.00,4.80,337.90,119.66,TX
281,6.00,4621.00,2.60,179.40,119.66,CO
282,0.00,168.00,1.30,82.55,119.66,OK
283,8.00,20506.00,10.80,722.00,322.18,TX
284,14.00,24921.00,5.00,315.67,119.66,TX
285,18.00,34699.00,1.30,96.46,175.46,FL
286,8.00,32410.00,1.90,142.63,121.10,TX
287,5.00,49015.00,4.80,343.76,206.14,FL
288,5.00,5403.00,5.60,401.06,119.66,FL
289,1.00,4381.00,0.90,55.32,118.36,LA
290,8.00,22502.00,0.70,45.64,150.74,MO
291,12.00,31010.00,6.50,448.46,500.79,TX
292,17.00,68641.00,4.30,305.30,425.60,TX
293,16.00,26695.00,4.40,327.73,215.84,TX
294,12.00,26454.00,2.70,172.07,261.94,FL
295,19.00,51918.00,1.00,75.49,119.66,TX
296,8.00,18532.00,6.30,384.05,374.03,TX
297,3.00,6080.00,1.40,100.65,118.36,TX
298,11.00,18302.00,3.80,261.93,322.18,TN
299,16.00,63217.00,1.50,99.30,119.66,TX
300,2.00,8228.00,2.00,148.02,119.66,LA
301,1.00,1047.00,1.30,83.57,117.18,AR
302,14.00,22647.00,1.00,81.39,119.66,CA
303,0.00,337.00,0.80,46.55,119.66,AR
304,15.00,30746.00,1.30,106.35,175.46,AZ
305,13.00,17185.00,1.90,141.77,192.71,MS
306,17.00,29830.00,2.20,158.43,119.66,TX
307,12.00,37841.00,4.40,315.95,175.46,TX
308,15.00,27918.00,8.60,541.01,1074.62,TN
309,13.00,20516.00,0.00,0.00,0.00,CA
310,13.00,39798.00,0.00,0.00,0.00,TX
311,8.00,2076.00,13.10,1121.10,1351.46,CA
312,1.00,356.00,0.20,13.41,0.00,AL
313,9.00,14660.00,3.20,316.85,119.66,CA
314,7.00,19274.00,3.70,292.33,119.66,MO
315,7.00,9503.00,1.40,104.07,175.46,MA
316,5.00,6696.00,2.50,169.29,119.66,TX
317,14.00,32713.00,0.70,60.96,140.45,CA
318,14.00,35138.00,3.70,259.97,175.46,TX
319,13.00,11612.00,0.20,14.40,1.86,CA
320,0.00,35.00,0.60,45.42,0.00,OR
321,12.00,18158.00,3.50,245.59,119.66,SC
322,15.00,48945.00,1.90,123.88,119.66,MO
323,14.00,18453.00,0.00,0.00,0.00,MD
324,18.00,18453.00,0.50,39.25,119.66,MD
325,10.00,36663.00,3.50,240.86,119.66,TX
326,12.00,15530.00,5.60,399.58,214.89,IN
327,10.00,18179.00,0.80,60.61,118.47,CA
328,7.00,10320.00,1.40,99.78,206.14,WY
329,3.00,9111.00,4.80,307.20,119.66,FL
330,8.00,6074.00,4.30,282.75,0.00,SC
331,3.00,13540.00,6.20,492.17,0.00,SC
332,21.00,10012.00,4.90,419.31,175.46,CA
333,8.00,10923.00,3.10,231.98,119.66,AZ
334,19.00,23786.00,2.10,149.59,0.00,CA
335,16.00,25313.00,7.50,622.72,183.16,NV
336,7.00,18048.00,1.80,140.45,206.14,CA
337,11.00,13800.00,2.30,153.78,119.66,VT
338,17.00,35596.00,1.50,115.89,119.66,OR
339,1.00,1512.00,4.40,276.90,119.66,FL
340,12.00,11976.00,2.50,205.00,119.66,NM
341,10.00,23054.00,2.90,196.38,206.14,TX
342,14.00,10870.00,2.90,175.44,119.66,NY
343,10.00,17464.00,3.70,236.80,119.66,OR
344,10.00,29248.00,3.00,274.62,119.66,AK
345,8.00,25478.00,3.00,208.41,0.00,PA
346,1.00,1214.00,0.70,53.39,25.72,MD
347,12.00,16814.00,4.00,274.00,322.18,KY
348,10.00,31348.00,2.10,135.30,119.66,PA
349,12.00,28365.00,7.90,665.73,238.26,AZ
350,10.00,8660.00,2.10,134.22,119.66,NY
351,11.00,31050.00,3.60,302.40,175.46,MO
352,16.00,48424.00,7.70,564.04,179.79,OR
353,14.00,27284.00,4.60,356.62,119.66,MI
354,21.00,30855.00,3.70,311.75,119.66,AZ
355,8.00,15194.00,1.70,122.40,175.46,TX
356,4.00,8123.00,2.10,133.96,174.27,ID
357,9.00,26712.00,5.90,444.11,206.14,TX
358,20.00,14469.00,1.00,81.17,119.66,CA
359,0.00,82.00,3.30,213.15,119.66,TX
360,12.00,27035.00,2.10,152.51,119.66,ID
361,1.00,221.00,1.60,114.57,118.36,FL
362,11.00,45077.00,1.20,93.82,119.66,WA
363,17.00,63821.00,1.60,125.10,175.46,WA
364,12.00,32601.00,4.90,379.79,119.66,AZ
365,11.00,14304.00,1.60,105.66,119.66,MA
366,7.00,7102.00,2.10,143.34,119.66,SC
367,21.00,35892.00,2.10,153.94,119.66,FL
368,10.00,13190.00,2.80,189.61,119.66,TX
369,10.00,11788.00,1.90,153.26,119.66,CA
370,14.00,34456.00,0.60,45.82,119.66,CA
371,12.00,46312.00,9.60,717.12,997.84,MI
372,5.00,1133.00,4.40,381.46,206.14,CA
373,7.00,29009.00,4.70,249.87,404.78,PA
374,14.00,48876.00,4.80,278.40,181.21,NE
375,0.00,15.00,1.90,199.45,119.66,CA
376,7.00,15204.00,4.50,331.54,119.66,TX
377,15.00,27839.00,3.00,231.02,119.66,TX
378,8.00,22841.00,4.80,378.72,204.94,TX
379,8.00,35190.00,5.40,406.23,128.21,IN
380,7.00,12132.00,3.40,283.32,175.46,CO
381,4.00,5780.00,3.50,259.12,174.27,CA
382,15.00,51018.00,1.80,119.16,121.54,TX
383,19.00,29278.00,1.70,116.45,119.66,OR
384,9.00,16767.00,4.30,360.70,322.18,CA
385,18.00,40880.00,5.90,521.07,119.66,CO
386,17.00,72566.00,9.50,527.75,896.81,NE
387,16.00,24324.00,1.30,99.06,272.34,ID
388,20.00,49860.00,6.70,533.99,175.46,TX
389,3.00,3416.00,2.90,200.32,119.66,FL
390,1.00,615.00,2.60,192.92,175.46,FL
391,4.00,6822.00,3.10,220.06,119.66,WA
392,11.00,10401.00,3.40,246.93,119.66,ID
393,5.00,6021.00,2.70,199.04,369.16,CA
394,13.00,23472.00,0.80,53.04,119.66,NV
395,0.00,10.00,3.60,308.47,117.18,CA
396,12.00,6724.00,6.70,529.02,119.66,OR
397,22.00,55262.00,4.10,306.80,119.66,FL
398,18.00,18543.00,3.00,232.58,119.66,AZ
399,3.00,8370.00,5.10,400.66,118.47,AZ
400,1.00,2361.00,3.60,272.25,322.91,TX
401,5.00,15683.00,0.80,45.87,119.66,KS
402,1.00,1336.00,3.60,284.42,175.46,MO
403,7.00,6136.00,2.00,216.77,175.46,CA
404,7.00,12882.00,1.70,108.57,119.66,FL
405,2.00,2158.00,4.30,298.39,119.66,FL
406,5.00,3377.00,3.30,255.09,119.66,UT
407,1.00,218.00,3.40,266.13,119.66,AZ
408,12.00,14282.00,0.90,72.57,119.66,OR
409,2.00,1591.00,3.20,253.86,175.46,CA
410,20.00,55590.00,1.80,121.32,175.46,TX
411,20.00,40360.00,1.40,223.70,119.66,MO
412,11.00,14742.00,3.70,243.30,231.76,WI
413,7.00,3618.00,3.40,229.07,175.45,OR
414,0.00,56.00,3.80,253.08,119.66,TX
415,21.00,46519.00,2.10,166.75,175.46,TX
416,6.00,13923.00,3.00,200.07,119.66,FL
417,23.00,66848.00,1.30,107.36,128.21,GA
418,2.00,5240.00,1.30,79.86,118.36,NM
419,11.00,19585.00,1.20,91.64,55.80,CA
420,6.00,8036.00,1.70,125.32,0.00,CA
421,7.00,8669.00,2.60,191.67,119.66,CA
422,8.00,19080.00,7.50,628.55,1219.02,CA
423,5.00,7200.00,5.40,519.13,175.46,NY
424,14.00,28782.00,0.20,16.60,119.66,UT
425,0.00,7.00,2.90,226.99,345.20,GA
426,16.00,8583.00,1.00,68.50,119.66,TX
427,8.00,19618.00,0.70,56.88,164.08,CO
428,8.00,17917.00,1.00,75.13,119.66,CT
429,5.00,19424.00,1.20,54.50,175.46,ND
430,0.00,50.00,2.30,186.30,121.52,MA
431,3.00,6235.00,1.00,75.41,119.66,TX
432,11.00,17197.00,2.00,139.97,236.65,PA
433,21.00,43308.00,3.70,237.40,357.02,NC
434,11.00,20746.00,6.70,512.59,178.26,FL
435,9.00,19296.00,1.70,133.33,175.46,MN
436,3.00,3173.00,1.80,136.26,119.66,MN
437,7.00,15869.00,6.70,395.41,128.21,GA
438,12.00,35817.00,5.90,440.37,175.46,FL
439,22.00,26785.00,2.70,190.60,119.66,TX
440,18.00,14262.00,8.10,591.59,284.02,AZ
441,14.00,13371.00,3.60,388.56,119.66,CA
442,0.00,116.00,1.30,92.30,119.66,TX
443,10.00,31748.00,3.70,295.21,325.88,MI
444,8.00,9364.00,2.40,198.87,206.14,CA
445,6.00,6200.00,4.80,310.24,119.66,TX
446,6.00,17624.00,2.40,198.38,119.66,MA
447,14.00,16262.00,1.80,112.85,119.66,MO
448,4.00,5954.00,1.30,119.00,119.66,AK
449,0.00,213.00,4.60,334.54,118.47,TX
450,9.00,29453.00,2.00,156.72,128.21,GA
451,2.00,2133.00,4.30,331.61,119.66,WA
452,2.00,4096.00,2.00,158.73,119.66,MN
453,12.00,35257.00,9.00,666.56,77.16,AL
454,3.00,15493.00,1.30,78.73,119.66,TX
455,16.00,75392.00,1.60,100.36,119.66,TX
456,4.00,16251.00,1.90,128.37,213.84,TX
457,13.00,38479.00,2.90,199.28,119.66,FL
458,18.00,66417.00,3.50,220.50,175.46,KS
459,11.00,19780.00,0.70,55.52,127.60,NV
460,10.00,7890.00,4.90,358.84,128.21,GA
461,7.00,26245.00,0.70,56.76,132.89,NM
462,19.00,43649.00,0.90,67.32,119.66,MI
463,15.00,34520.00,2.80,200.58,119.66,MI
464,7.00,15000.00,6.10,444.47,213.35,FL
465,4.00,8122.00,2.50,155.65,175.46,MI
466,10.00,47357.00,4.90,319.51,156.01,TX
467,13.00,4120.00,1.90,169.26,119.66,CA
468,14.00,24600.00,4.20,284.41,282.68,TX
469,21.00,18879.00,3.00,214.98,284.02,MI
470,0.00,17.00,0.70,56.46,158.60,NJ
471,4.00,3776.00,4.30,303.15,119.66,AZ
472,11.00,9890.00,1.60,150.66,119.66,HI
473,22.00,35407.00,3.60,280.80,175.46,OH
474,16.00,41944.00,4.70,278.36,119.66,TX
475,8.00,26646.00,2.50,217.71,119.66,MN
476,22.00,40606.00,5.00,387.81,175.46,FL
477,1.00,238.00,4.80,336.45,172.38,OH
478,10.00,30068.00,7.40,525.40,956.62,TX
479,11.00,5993.00,2.90,224.17,119.66,UT
480,1.00,357.00,0.00,0.00,0.00,NH
481,12.00,36051.00,1.70,116.12,119.66,VA
482,1.00,398.00,3.40,254.53,119.66,TX
483,3.00,5867.00,1.50,72.85,128.21,GA
484,9.00,18143.00,4.90,382.77,370.50,TX
485,8.00,16333.00,3.10,204.89,57.55,ID
486,12.00,14719.00,4.20,319.88,119.66,ID
487,5.00,18760.00,1.50,120.31,206.14,CA
488,18.00,31342.00,0.20,16.11,119.66,AZ
489,8.00,25421.00,3.00,232.53,119.66,AZ
490,9.00,18101.00,4.40,319.07,119.66,ND
491,12.00,21881.00,5.80,496.38,119.66,CA
492,9.00,29279.00,2.70,216.00,55.80,MO
493,6.00,7726.00,2.30,142.60,175.46,OH
494,20.00,28602.00,1.80,127.25,280.66,IL
495,12.00,47936.00,4.80,357.52,119.66,TX
496,11.00,63003.00,1.80,139.17,119.66,MN
497,1.00,140.00,1.60,104.16,119.66,TX
498,4.00,3813.00,2.10,140.06,142.98,TX
499,12.00,45196.00,1.90,140.82,119.66,UT
500,11.00,22278.00,5.20,396.39,119.66,TX
501,7.00,6904.00,1.60,105.07,119.66,NC
502,12.00,32280.00,0.90,53.76,178.07,AL
503,11.00,14260.00,3.00,233.40,284.02,TX
504,11.00,20632.00,1.80,167.60,119.66,NJ
505,12.00,40558.00,1.10,56.40,119.66,FL
506,5.00,10664.00,2.40,175.49,119.66,OH
507,9.00,5992.00,2.90,224.17,119.66,UT
508,9.00,17000.00,0.00,0.00,0.00,UT
509,13.00,3900.00,0.70,55.65,119.66,CA
510,2.00,3958.00,4.00,240.53,227.11,GA
511,16.00,48600.00,2.10,132.96,128.21,IL
512,14.00,20646.00,9.50,744.37,489.52,MN
513,6.00,1766.00,2.70,211.96,119.66,WA
514,21.00,78534.00,5.70,418.92,175.46,TX
515,1.00,713.00,3.10,224.93,119.66,SD
516,9.00,14231.00,4.90,273.91,175.46,MN
517,1.00,822.00,3.80,257.13,125.42,MN
518,11.00,31211.00,3.70,266.09,119.66,NM
519,10.00,25156.00,0.90,65.93,119.66,OR
520,11.00,7521.00,4.60,366.28,119.66,UT
521,11.00,7626.00,4.80,382.21,329.42,UT
522,14.00,43328.00,3.00,253.50,322.18,MD
523,10.00,24236.00,2.30,204.47,175.46,AK
524,2.00,925.00,0.80,71.03,119.66,MN
525,2.00,3937.00,3.00,222.59,119.66,FL
526,15.00,74900.00,2.80,235.20,175.46,MO
527,13.00,20797.00,4.40,294.80,119.66,TX
528,7.00,12350.00,9.00,598.69,0.00,FL
529,11.00,34285.00,1.80,272.30,119.66,TX
530,7.00,9208.00,1.50,101.36,8.55,MT
531,13.00,36030.00,4.70,393.67,206.14,CO
532,15.00,59516.00,0.80,60.16,123.38,OH
533,6.00,16485.00,1.90,142.14,119.66,FL
534,19.00,62226.00,0.00,0.00,0.00,WA
535,9.00,27250.00,1.60,134.13,119.66,UT
536,9.00,27250.00,3.40,285.03,175.46,UT
537,16.00,48822.00,3.50,271.19,175.46,TX
538,7.00,12942.00,2.00,161.66,175.45,CA
539,16.00,27850.00,3.20,166.40,119.66,NE
540,4.00,5201.00,4.30,303.51,460.58,AZ
541,14.00,34000.00,2.40,193.59,123.38,MI
542,3.00,6442.00,1.50,120.31,206.14,CA
543,21.00,66801.00,4.80,385.96,175.46,TX
544,12.00,14012.00,5.70,477.87,119.66,CA
545,6.00,15895.00,1.90,151.97,175.46,CA
546,12.00,4835.00,1.50,140.03,119.66,CA
547,21.00,52983.00,1.00,79.70,175.46,LA
548,2.00,2035.00,1.20,87.72,119.95,CA
549,0.00,277.00,0.00,0.00,0.00,TX
550,12.00,7055.00,0.00,0.00,0.00,CA
551,16.00,33857.00,2.30,159.29,119.66,TX
552,4.00,7867.00,2.70,172.80,697.23,UT
553,12.00,27084.00,4.60,325.34,119.66,TX
554,2.00,3913.00,1.30,114.27,119.66,CA
555,13.00,54424.00,1.90,142.63,119.66,TX
556,15.00,23883.00,7.50,525.00,308.07,SC
557,18.00,34660.00,1.20,106.12,119.66,CO
558,10.00,29262.00,4.30,304.73,119.66,TX
559,9.00,10577.00,6.80,475.20,315.95,OR
560,15.00,51272.00,0.90,70.30,119.66,CA
561,1.00,1285.00,2.40,182.91,130.29,OR
562,17.00,37736.00,2.90,233.83,119.66,TX
563,19.00,23462.00,3.90,300.90,121.21,CA
564,16.00,16224.00,7.30,645.32,119.66,CA
565,16.00,56130.00,1.30,81.99,187.01,TX
566,3.00,6403.00,3.10,233.77,259.84,TX
567,16.00,22668.00,3.20,271.32,175.46,HI
568,0.00,4.00,2.60,173.13,118.36,TX
569,3.00,6059.00,2.90,222.92,119.66,UT
570,21.00,42141.00,2.90,224.17,119.66,UT
571,14.00,29676.00,2.60,228.82,119.66,MN
572,1.00,800.00,8.90,647.92,559.53,CA
573,5.00,4729.00,2.70,202.80,119.66,TX
574,4.00,3980.00,1.40,117.58,119.66,OR
575,4.00,7732.00,4.80,458.80,118.36,CA
576,16.00,9886.00,2.60,198.03,119.66,ID
577,10.00,17948.00,4.10,310.03,212.93,TX
578,11.00,10884.00,4.70,399.50,527.51,CO
579,5.00,2776.00,3.90,280.51,204.95,UT
580,2.00,1502.00,1.90,127.76,175.46,ID
581,3.00,3253.00,27.10,2263.12,3891.10,NJ
582,1.00,1945.00,0.50,25.43,119.66,MT
583,1.00,1244.00,3.80,284.48,119.66,TX
584,1.00,1048.00,3.90,291.97,282.68,TX
585,3.00,4951.00,4.40,337.12,119.66,TX
586,10.00,10288.00,4.60,356.54,119.66,AZ
587,17.00,31155.00,4.10,331.59,175.46,CA
588,7.00,45927.00,7.30,521.82,202.91,FL
589,13.00,21444.00,0.70,50.83,127.92,WI
590,13.00,25004.00,1.20,87.92,175.46,OR
591,9.00,14734.00,4.10,308.17,119.66,FL
592,5.00,10805.00,3.80,262.48,415.90,FL
593,20.00,36755.00,3.60,257.82,119.66,TN
594,14.00,51418.00,1.30,96.86,119.66,NC
595,17.00,50562.00,8.70,578.72,874.24,FL
596,21.00,51584.00,7.60,566.27,196.82,TX
597,8.00,9917.00,6.30,459.86,175.46,TX
598,4.00,2854.00,6.00,358.30,467.64,MI
599,22.00,60519.00,2.50,203.16,119.66,CO
600,3.00,4634.00,4.40,345.11,118.36,CO
601,13.00,26590.00,4.30,277.92,119.66,TX
602,1.00,24.00,2.00,142.47,119.66,TX
603,0.00,308.00,1.60,104.80,118.47,LA
604,3.00,7478.00,3.10,220.89,118.47,OK
605,0.00,699.00,2.20,162.10,119.66,TX
606,22.00,57724.00,4.20,326.65,175.46,TX
607,17.00,40683.00,3.30,253.68,175.46,TX
608,1.00,27.00,2.20,172.96,119.66,CO
609,3.00,6600.00,1.50,120.31,206.14,CA
610,1.00,2995.00,1.60,136.10,119.66,CA
611,12.00,32521.00,2.80,237.47,147.17,MD
612,12.00,35962.00,1.10,72.60,284.02,VA
613,6.00,24703.00,3.30,247.52,119.66,WA
614,1.00,8685.00,6.00,421.31,0.00,TX
615,8.00,22586.00,3.60,278.61,377.98,TX
616,12.00,23993.00,1.20,86.13,119.66,MA
617,4.00,1724.00,1.20,119.40,119.66,NY
618,12.00,12653.00,2.10,120.33,175.46,VA
619,3.00,1802.00,3.10,236.42,118.36,NY
620,5.00,3619.00,0.70,54.53,123.72,NY
621,10.00,19225.00,5.70,368.57,149.58,NH
622,4.00,4195.00,3.10,239.55,175.46,CA
623,1.00,1171.00,2.20,157.38,0.00,CO
624,19.00,25571.00,0.20,17.53,119.66,CA
625,7.00,10898.00,2.60,235.38,213.06,NJ
626,5.00,5692.00,0.70,56.68,119.66,MA
627,13.00,11829.00,7.70,552.80,1268.17,PA
628,15.00,28990.00,7.40,732.60,322.18,CA
629,16.00,22807.00,2.60,198.01,175.46,OR
630,12.00,33105.00,0.70,43.56,0.00,WV
631,19.00,42136.00,2.00,134.62,0.00,NY
632,6.00,20673.00,2.10,141.75,119.66,TN
633,17.00,9132.00,1.80,118.28,122.85,FL
634,2.00,4204.00,4.90,338.56,118.36,KY
635,16.00,37265.00,2.60,151.65,119.66,MO
636,21.00,51693.00,2.30,185.98,128.21,GA
637,0.00,3.00,0.30,19.04,0.00,PA
638,7.00,17533.00,1.30,108.89,119.66,CO
639,14.00,14407.00,5.30,453.59,119.66,CA
640,14.00,17854.00,0.80,41.91,119.66,PA
641,0.00,4.00,1.80,118.05,0.00,OR
642,0.00,38.00,3.80,297.44,126.81,GA
643,10.00,28134.00,1.80,112.62,119.66,ID
644,13.00,15996.00,0.20,16.22,119.66,GA
645,14.00,16092.00,3.00,177.35,0.00,IA
646,17.00,18330.00,4.60,356.54,119.66,AZ
647,18.00,40803.00,1.60,140.28,201.33,NJ
648,10.00,34822.00,3.00,217.88,119.66,ID
649,13.00,17817.00,4.20,325.10,119.66,VA
650,0.00,22.00,1.50,102.16,0.00,ID
651,3.00,11533.00,1.50,120.31,206.14,CA
652,1.00,721.00,1.30,91.15,119.66,SC
653,2.00,2255.00,0.00,0.00,0.00,CA
654,2.00,2255.00,1.10,74.40,0.00,CA
655,0.00,4.00,3.70,265.92,128.21,IN
656,0.00,26.00,3.40,261.35,119.66,UT
657,6.00,5158.00,5.70,354.91,404.78,NY
658,10.00,53308.00,1.70,125.26,204.94,TX
659,15.00,35977.00,3.30,206.34,0.00,TX
660,1.00,959.00,4.30,393.51,117.18,CA
661,9.00,20453.00,0.20,11.00,119.66,KY
662,6.00,3948.00,2.90,187.39,119.66,WA
663,14.00,38539.00,7.60,616.30,1396.04,GA
664,20.00,13823.00,3.80,229.96,206.24,PA
665,17.00,39270.00,0.90,57.45,119.66,LA
666,0.00,45.00,3.10,183.43,0.00,MI
667,2.00,2101.00,4.10,228.37,118.36,NY
668,12.00,13109.00,1.60,93.50,0.00,PA
669,4.00,10430.00,2.70,156.69,119.66,NC
670,6.00,30718.00,1.10,63.80,119.66,NE
671,2.00,3318.00,2.00,122.02,206.14,MI
672,16.00,43562.00,3.60,296.52,175.46,NC
673,15.00,21028.00,0.00,0.00,0.00,IN
674,10.00,13760.00,0.50,34.87,0.00,TX
675,13.00,63405.00,1.90,120.27,128.21,GA
676,10.00,41713.00,3.20,265.17,175.46,CA
677,9.00,16258.00,2.40,184.02,119.66,LA
678,0.00,12.00,0.70,44.80,34.30,FL
679,18.00,67903.00,2.50,151.67,175.46,KY
680,5.00,7320.00,1.50,82.31,0.00,NH
681,7.00,9968.00,4.30,263.91,175.46,VA
682,8.00,11820.00,1.40,96.59,119.66,VA
683,13.00,81617.00,11.50,814.91,320.98,OK
684,9.00,17632.00,2.80,219.60,119.66,OR
685,0.00,15.00,2.40,160.49,118.36,MI
686,1.00,406.00,5.80,449.54,119.66,CA
687,21.00,50865.00,1.00,66.50,119.66,FL
688,2.00,2493.00,32.40,1711.36,1824.26,AL
689,1.00,970.00,1.40,88.52,0.00,OH
690,0.00,11.00,1.90,126.61,118.36,SC
691,1.00,103.00,0.00,0.00,0.00,PA
692,5.00,4535.00,3.60,277.76,175.46,CA
693,9.00,9634.00,0.80,48.00,0.00,IA
694,16.00,9101.00,1.00,58.24,119.66,IA
695,18.00,36533.00,0.70,58.74,119.66,AZ
696,10.00,8798.00,8.60,721.24,119.66,VA
697,11.00,15350.00,2.40,182.78,119.66,OR
698,17.00,19300.00,2.20,137.44,175.46,MI
699,11.00,25974.00,1.40,90.54,0.00,NH
700,13.00,51919.00,9.40,560.53,450.54,OH
701,15.00,26720.00,5.30,453.59,119.66,CA
702,0.00,5.00,4.50,411.82,119.66,CA
703,3.00,4510.00,2.40,166.72,119.66,OR
704,1.00,3117.00,3.90,254.35,206.14,AZ
705,20.00,84505.00,1.60,121.88,237.06,FL
706,1.00,350.00,0.80,40.00,0.00,NC
707,1.00,251.00,4.90,334.70,119.66,SC
708,9.00,57308.00,7.50,474.75,214.33,AZ
709,2.00,7160.00,1.00,64.09,1.85,NE
710,4.00,3508.00,2.10,143.28,119.66,NY
711,0.00,105.00,1.20,57.50,118.36,KY
712,15.00,35782.00,2.60,218.74,119.66,MA
713,4.00,4653.00,1.60,112.14,118.36,FL
714,19.00,17892.00,7.90,476.37,283.87,NC
715,13.00,26042.00,1.80,120.96,175.46,OH
716,11.00,21378.00,1.40,61.76,119.66,OK
717,8.00,16173.00,2.30,169.78,119.66,OK
718,1.00,894.00,1.20,63.48,119.66,VA
719,8.00,17893.00,1.00,68.27,118.47,SC
720,1.00,190.00,2.60,166.57,118.36,LA
721,14.00,7696.00,0.80,77.92,119.66,CA
722,11.00,35963.00,8.20,612.23,540.71,FL
723,4.00,3718.00,2.30,156.40,119.66,FL
724,3.00,2863.00,2.40,163.20,119.66,FL
725,10.00,14118.00,0.80,58.75,119.66,NC
726,1.00,3100.00,1.60,124.98,369.16,TX
727,10.00,5092.00,2.30,140.02,175.46,TX
728,13.00,29437.00,0.50,41.75,188.00,IL
729,2.00,6899.00,2.50,195.69,128.21,GA
730,16.00,33466.00,6.10,395.78,119.66,AL
731,18.00,56707.00,3.80,262.33,175.46,NC
732,14.00,65449.00,2.90,232.69,225.07,CA
733,15.00,18475.00,2.20,183.11,119.66,CA
734,4.00,19123.00,0.50,28.27,0.00,GA
735,3.00,8830.00,2.90,277.15,119.66,CA
736,19.00,16710.00,6.60,631.19,118.47,CA
737,12.00,2960.00,3.30,255.78,119.66,AZ
738,11.00,18659.00,4.40,294.80,119.66,TX
739,18.00,32500.00,4.70,455.87,1305.53,CA
740,1.00,917.00,3.60,231.58,119.66,TX
741,20.00,35517.00,4.20,291.90,121.54,TX
742,1.00,345.00,0.80,59.41,119.66,VA
743,6.00,6773.00,0.80,59.76,119.66,MI
744,2.00,1923.00,1.40,112.00,0.00,CO
745,3.00,2945.00,4.50,322.92,119.66,ID
746,10.00,13934.00,4.00,276.78,119.66,FL
747,15.00,7854.00,3.00,222.59,175.46,FL
748,2.00,5249.00,2.40,187.85,128.21,GA
749,14.00,24657.00,3.10,226.65,0.00,AZ
750,1.00,159.00,5.10,353.91,119.66,FL
751,10.00,3099.00,2.00,142.47,119.66,AR
752,12.00,26285.00,4.20,328.09,119.66,TX
753,0.00,67.00,2.70,160.07,119.66,AL
754,18.00,22222.00,1.10,82.32,119.66,FL
755,7.00,40480.00,2.10,139.38,119.66,TX
756,7.00,13089.00,2.00,137.00,119.66,KY
757,2.00,22629.00,1.50,86.67,119.66,NM
758,1.00,15202.00,5.90,340.92,188.58,NM
759,17.00,64731.00,1.00,76.84,119.66,TX
760,3.00,11021.00,4.20,328.72,119.66,CO
761,8.00,26920.00,5.60,349.44,178.43,NM
762,14.00,27113.00,0.90,69.02,119.66,MO
763,17.00,21296.00,6.90,606.56,175.46,CA
764,10.00,20101.00,1.70,145.33,119.66,CA
765,9.00,19306.00,2.80,227.08,119.66,TN
766,19.00,30373.00,3.40,246.93,119.66,ID
767,8.00,18488.00,4.60,346.26,119.66,TX
768,5.00,7806.00,5.70,385.89,119.66,AL
769,1.00,1216.00,3.80,268.15,119.66,LA
770,11.00,16580.00,4.60,295.45,119.66,AZ
771,19.00,43361.00,4.60,279.61,261.94,TX
772,22.00,47232.00,1.60,120.00,175.46,TX
773,16.00,23927.00,2.50,182.53,119.66,VA
774,20.00,35178.00,1.70,137.99,119.66,CA
775,12.00,6747.00,1.60,122.78,119.66,LA
776,14.00,19332.00,2.80,231.65,55.80,WA
777,12.00,10752.00,5.90,499.17,207.69,CA
778,5.00,7931.00,12.80,943.00,326.51,TX
779,6.00,8395.00,0.50,33.97,119.66,TX
780,11.00,34597.00,6.30,467.50,119.66,TX
781,0.00,6.00,1.50,85.03,119.66,PA
782,10.00,29721.00,0.20,15.33,2.25,LA
783,10.00,26553.00,2.00,142.00,128.21,IL
784,14.00,19122.00,3.00,232.58,119.66,AZ
785,0.00,9.00,4.40,330.37,119.66,CA
786,10.00,27095.00,3.00,207.11,119.66,NC
787,8.00,10625.00,4.30,273.34,128.21,GA
788,8.00,3869.00,4.00,316.03,175.46,MO
789,4.00,4918.00,3.00,238.50,119.66,CA
790,5.00,6506.00,2.90,238.86,178.81,CA
791,14.00,8501.00,2.10,148.48,133.88,IL
792,0.00,10.00,1.90,104.25,118.47,IA
793,12.00,25481.00,2.00,161.68,573.59,TX
794,13.00,59782.00,1.80,121.62,119.66,WI
795,12.00,23179.00,2.70,191.32,175.46,TX
796,5.00,7352.00,5.30,421.67,175.46,TX
797,6.00,7437.00,1.90,118.69,119.66,NC
798,18.00,43656.00,13.50,938.37,185.27,FL
799,10.00,24246.00,0.80,64.00,119.66,TX
800,8.00,13365.00,1.00,64.30,128.21,GA
801,11.00,15427.00,0.70,55.78,119.66,MO
802,17.00,57735.00,1.40,112.33,184.53,AZ
803,19.00,62508.00,2.00,155.75,119.66,AZ
804,1.00,2101.00,2.80,213.39,342.29,OR
805,6.00,11532.00,0.50,42.35,119.66,CA
806,4.00,10344.00,3.40,234.85,408.66,FL
807,14.00,18809.00,2.50,207.75,119.66,CA
808,3.00,3899.00,0.90,59.94,119.66,IA
809,14.00,41544.00,9.00,671.97,404.14,FL
810,0.00,69.00,0.80,55.73,134.35,SC
811,2.00,7337.00,3.20,229.03,181.23,WI
812,13.00,29636.00,1.90,150.87,119.66,MI
813,6.00,3345.00,5.30,504.56,119.66,CA
814,19.00,25185.00,4.50,373.62,179.31,NV
815,11.00,19924.00,8.10,596.81,196.82,TX
816,2.00,3257.00,2.70,215.95,119.66,CA
817,1.00,295.00,1.10,85.14,119.66,TX
818,16.00,42324.00,0.80,44.00,119.66,TN
819,3.00,7781.00,1.90,101.87,119.66,KS
820,22.00,74103.00,13.00,783.26,1192.90,GA
821,20.00,12840.00,0.00,0.00,119.66,NV
822,2.00,7107.00,4.40,246.73,0.00,LA
823,11.00,16546.00,10.00,585.00,1081.24,FL
824,11.00,21704.00,3.00,222.62,436.63,TX
825,5.00,14302.00,3.50,227.63,374.03,SD
826,23.00,22101.00,2.70,179.10,119.66,FL
827,11.00,37006.00,2.60,180.09,119.66,FL
828,10.00,14003.00,0.20,12.55,151.58,TX
829,2.00,2626.00,1.40,97.98,119.66,MI
830,11.00,28800.00,1.30,92.60,119.66,LA
831,9.00,53454.00,13.40,827.87,80.90,AL
832,10.00,24876.00,2.50,188.18,119.66,TX
833,0.00,11.00,10.50,995.30,1079.96,CA
834,8.00,12627.00,5.50,419.07,0.00,MI
835,15.00,21281.00,3.00,249.09,175.46,CA
836,9.00,12886.00,2.90,232.17,119.66,CA
837,10.00,22728.00,4.20,328.09,119.66,TX
838,0.00,14.00,1.60,110.06,119.66,OH
839,10.00,46413.00,2.10,537.54,119.66,TX
840,17.00,29513.00,3.90,300.91,119.66,CA
841,5.00,4976.00,2.40,156.00,118.47,AR
842,1.00,3660.00,2.10,146.73,175.46,WI
843,16.00,8755.00,1.40,111.04,1.75,NV
844,6.00,5832.00,2.20,178.40,128.21,GA
845,1.00,725.00,3.80,268.15,119.66,LA
846,6.00,7289.00,2.90,194.32,206.14,MI
847,15.00,42789.00,1.30,90.44,119.66,CA
848,15.00,30096.00,4.10,301.83,175.46,TX
849,19.00,30742.00,3.80,262.33,119.66,NC
850,19.00,28867.00,2.80,168.94,188.00,IN
851,9.00,10171.00,5.80,496.38,119.66,CA
852,1.00,616.00,2.20,143.90,175.46,FL
853,0.00,176.00,2.20,156.71,119.66,TX
854,17.00,33616.00,3.90,290.48,0.00,TX
855,2.00,1000.00,2.80,197.97,119.66,SC
856,1.00,1178.00,0.80,39.04,0.00,IA
857,10.00,29357.00,3.30,191.71,174.27,LA
858,11.00,27429.00,0.80,59.47,190.68,TN
859,13.00,29058.00,1.50,113.42,175.46,PA
860,4.00,18308.00,0.70,43.03,128.21,GA
861,6.00,11763.00,1.20,77.65,119.66,PA
862,2.00,5986.00,0.50,44.68,119.66,AK
863,8.00,10391.00,0.00,0.00,0.00,TX
864,5.00,10070.00,1.60,89.28,317.75,MS
865,12.00,17236.00,7.10,545.48,175.46,TX
866,5.00,9375.00,3.80,226.69,332.68,MN
867,0.00,15.00,3.10,191.84,118.36,AL
868,2.00,3596.00,2.80,207.20,119.66,TN
869,20.00,38846.00,0.90,50.49,119.66,PA
870,7.00,7519.00,2.60,210.84,319.45,AZ
871,0.00,1.00,5.30,425.63,322.91,NJ
872,16.00,28810.00,2.90,217.52,119.66,WA
873,18.00,45808.00,0.20,14.03,136.36,TN
874,21.00,60202.00,1.90,130.29,119.66,WY
875,20.00,96933.00,8.20,519.59,399.28,TX
876,17.00,43007.00,2.00,152.33,175.46,LA
877,20.00,34345.00,7.60,525.22,196.82,FL
878,12.00,20635.00,7.80,558.43,175.46,FL
879,12.00,29661.00,5.20,322.40,128.21,GA
880,0.00,189.00,0.70,44.80,0.00,FL
881,19.00,27996.00,5.90,495.39,175.46,TX
882,0.00,42.00,1.90,132.49,119.66,TX
883,12.00,8587.00,1.10,80.76,119.66,NC
884,6.00,18584.00,1.60,109.58,119.66,AL
885,10.00,27859.00,5.80,496.38,119.66,CA
886,13.00,48349.00,2.50,175.33,119.66,OK
887,0.00,13.00,4.80,347.67,682.59,FL
888,21.00,40939.00,2.60,194.63,119.66,TX
889,8.00,23336.00,3.50,253.63,147.11,OK
890,8.00,27537.00,2.60,161.90,119.66,KY
891,5.00,10197.00,2.90,225.50,206.14,CA
892,5.00,7319.00,2.60,210.77,119.66,OR
893,2.00,6190.00,2.60,202.80,119.66,SD
894,7.00,14095.00,2.00,154.82,119.66,MO
895,11.00,14199.00,4.30,339.27,119.66,TX
896,4.00,8422.00,5.70,459.38,119.66,CA
897,0.00,91.00,3.10,167.36,119.66,FL
898,7.00,9286.00,1.40,109.36,119.66,CA
899,10.00,16001.00,18.70,1484.94,429.36,TX
900,13.00,42383.00,7.30,492.96,486.54,TX
901,16.00,38019.00,1.20,95.40,118.47,TX
902,17.00,38700.00,4.50,385.03,175.46,CA
903,17.00,11187.00,6.30,390.42,874.27,VA
904,12.00,25890.00,3.30,272.79,119.66,CA
905,15.00,31115.00,7.10,518.55,119.66,AZ
906,20.00,84254.00,0.50,36.83,119.66,CA
907,1.00,34.00,2.60,172.79,119.66,TX
908,13.00,22602.00,2.30,214.72,175.46,CA
909,4.00,2923.00,2.60,265.62,119.66,CA
910,4.00,4523.00,4.10,233.70,119.66,TX
911,0.00,3.00,4.30,353.73,126.81,IL
912,19.00,30759.00,5.20,385.84,119.66,FL
913,0.00,191.00,0.70,44.80,0.00,FL
914,7.00,18033.00,1.50,89.20,119.66,FL
915,14.00,35880.00,2.70,195.25,119.66,OK
916,17.00,31850.00,0.60,42.24,0.00,TX
917,11.00,10735.00,1.90,98.42,380.83,NC
918,10.00,16308.00,0.80,66.31,128.21,IN
919,21.00,21427.00,1.30,93.84,119.66,TX
920,3.00,3656.00,1.40,112.01,119.66,CA
921,6.00,17217.00,4.70,306.47,120.61,FL
922,0.00,136.00,2.00,154.26,119.66,CA
923,7.00,6834.00,1.20,100.00,119.66,CO
924,12.00,31527.00,4.00,315.60,284.02,TX
925,13.00,10612.00,1.40,104.58,119.66,MI
926,10.00,7299.00,1.80,122.09,119.66,MI
927,11.00,18504.00,1.60,96.43,206.14,SD
928,2.00,2844.00,5.30,397.95,119.66,AZ
929,11.00,16664.00,7.20,564.44,129.46,AZ
930,9.00,19139.00,12.90,862.40,1215.99,MI
931,0.00,4.00,1.30,101.76,126.81,GA
932,14.00,20782.00,5.00,384.36,175.46,TX
933,11.00,12366.00,5.30,453.59,119.66,CA
934,12.00,21369.00,6.50,485.31,119.66,FL
935,1.00,2758.00,1.50,114.24,119.66,MO
936,18.00,28965.00,7.70,574.90,322.18,FL
937,2.00,3264.00,4.50,383.23,128.21,IL
938,13.00,28981.00,4.10,288.62,119.66,TX
939,20.00,69115.00,3.60,264.21,136.91,OH
940,0.00,193.00,5.70,403.66,119.66,TX
941,21.00,44956.00,3.80,271.70,233.09,TX
942,5.00,14046.00,1.90,152.39,206.14,CA
943,10.00,18094.00,5.10,317.65,119.66,NC
944,14.00,41882.00,3.90,266.39,119.66,VA
945,0.00,2.00,1.70,123.95,118.36,MD
946,12.00,25106.00,1.00,61.87,119.66,MI
947,11.00,22587.00,2.30,173.12,119.66,TX
948,1.00,318.00,2.60,203.47,119.66,TX
949,0.00,45.00,4.20,255.06,118.36,MI
950,0.00,11.00,4.40,299.67,118.36,ID
951,0.00,26.00,5.00,359.03,119.66,TX
952,7.00,17730.00,3.90,253.43,119.66,TX
953,16.00,42766.00,3.20,239.31,123.38,TX
954,1.00,470.00,5.20,373.45,119.66,FL
955,13.00,32184.00,0.00,0.00,0.00,VA
956,7.00,31574.00,4.90,315.52,119.66,WI
957,21.00,28542.00,3.70,289.56,119.66,TX
958,18.00,28721.00,4.30,343.60,119.66,NV
959,17.00,22605.00,1.20,88.42,175.46,TX
960,22.00,29256.00,5.90,410.09,119.66,FL
961,17.00,49987.00,3.00,203.81,119.66,TX
962,5.00,11367.00,5.00,362.14,206.14,FL
963,6.00,25712.00,5.30,374.09,460.58,AZ
964,6.00,20031.00,20.60,1445.51,3063.24,SC
965,9.00,21300.00,0.80,47.20,119.66,SD
966,0.00,3.00,0.50,31.73,0.00,PA
967,11.00,21138.00,1.00,70.97,119.66,FL
968,2.00,4364.00,0.70,43.82,119.66,DE
969,1.00,734.00,2.20,171.16,206.14,TX
970,7.00,17813.00,9.00,694.80,233.41,MO
971,10.00,27353.00,1.60,89.28,119.66,MS
972,13.00,22756.00,2.40,223.46,334.15,NJ
973,10.00,23425.00,4.70,367.66,128.21,GA
974,12.00,44345.00,4.70,333.52,175.46,TX
975,18.00,19247.00,2.70,150.01,119.66,NE
976,10.00,18202.00,0.70,49.06,154.77,CA
977,12.00,9800.00,5.20,384.71,119.66,TX
978,19.00,22118.00,1.00,106.54,206.14,CA
979,7.00,16408.00,3.60,249.10,119.66,FL
980,15.00,16571.00,4.00,293.71,119.66,TX
981,7.00,8366.00,2.80,219.16,187.99,GA
982,6.00,9173.00,2.20,186.34,206.14,CA
983,13.00,16571.00,3.30,249.60,175.46,FL
984,1.00,1907.00,3.00,251.48,119.66,UT
985,22.00,62310.00,2.80,217.17,119.66,FL
986,21.00,29185.00,2.00,164.41,175.46,CA
987,21.00,37243.00,4.20,326.64,175.46,TX
988,3.00,656.00,0.90,64.11,138.62,TX
989,17.00,72292.00,1.70,86.21,175.46,TX
990,19.00,35583.00,1.40,105.10,175.46,TX
991,7.00,5548.00,4.60,348.09,261.93,AZ
992,13.00,24196.00,2.60,202.98,175.46,TX
993,10.00,15554.00,1.00,76.38,119.66,CA
994,4.00,5082.00,1.00,97.85,132.09,CA
995,17.00,24196.00,7.50,534.27,175.46,CA
996,17.00,34120.00,2.60,162.16,175.46,OK
997,4.00,12603.00,1.30,96.81,119.66,CA
998,22.00,26844.00,4.10,299.17,119.66,TX
999,14.00,35810.00,3.20,261.78,119.66,AZ
1000,13.00,34372.00,3.90,319.06,119.66,AZ
1001,15.00,47151.00,1.50,106.74,119.66,TX
1002,7.00,23890.00,4.30,281.15,119.66,AL
1003,12.00,44188.00,3.90,276.90,119.66,NC
1004,11.00,34251.00,3.00,233.26,175.46,AZ
1005,18.00,44375.00,4.90,360.12,119.66,TX
1006,16.00,21442.00,1.00,73.80,203.00,IL
1007,14.00,28892.00,2.20,158.18,377.98,FL
1008,13.00,20145.00,2.90,179.61,119.66,AL
1009,10.00,29179.00,2.80,184.22,213.28,OK
1010,12.00,6557.00,1.00,56.67,119.66,OR
1011,16.00,34288.00,0.80,32.85,119.66,SD
1012,13.00,19556.00,2.80,233.33,119.66,CA
1013,2.00,753.00,3.90,268.18,128.21,GA
1014,12.00,22255.00,2.60,180.71,0.00,FL
1015,12.00,65327.00,0.80,55.68,119.66,LA
1016,13.00,65985.00,9.10,698.07,225.54,LA
1017,17.00,67507.00,0.00,0.00,0.00,IN
1018,7.00,17000.00,7.90,619.32,119.66,AZ
1019,14.00,28498.00,2.60,192.40,119.66,VA
1020,13.00,27904.00,0.40,30.68,175.46,LA
1021,11.00,29573.00,1.80,143.07,0.00,GA
1022,16.00,54241.00,3.80,262.94,119.66,FL
1023,6.00,16110.00,0.80,50.78,119.66,FL
1024,3.00,5966.00,1.80,128.27,119.66,OK
1025,4.00,7156.00,3.70,276.89,119.66,AZ
1026,12.00,44749.00,5.40,346.50,175.46,LA
1027,8.00,15299.00,3.50,280.20,175.46,CA
1028,20.00,25663.00,2.90,197.99,119.66,FL
1029,19.00,31571.00,3.60,255.60,119.66,NC
1030,19.00,67567.00,1.50,87.75,119.66,FL
1031,17.00,30698.00,5.90,363.65,303.75,NC
1032,7.00,5176.00,5.50,460.65,380.83,CO
1033,11.00,47809.00,1.20,71.02,119.66,MS
1034,1.00,530.00,4.50,294.22,0.00,AL
1035,12.00,13035.00,4.40,294.80,119.66,TX
1036,3.00,4176.00,2.90,206.65,119.66,OK
1037,1.00,1004.00,2.40,185.52,42.14,NV
1038,22.00,30390.00,4.10,312.80,119.66,TX
1039,15.00,12550.00,1.70,131.77,119.66,AZ
1040,10.00,11349.00,3.80,257.31,206.14,TX
1041,15.00,31341.00,3.50,240.00,119.66,WY
1042,3.00,2972.00,2.70,202.70,119.66,OK
1043,6.00,11930.00,3.00,236.70,175.46,TX
1044,14.00,16307.00,4.40,323.08,119.66,TX
1045,0.00,23.00,1.10,87.87,0.00,CO
1046,0.00,103.00,0.20,12.36,0.00,SD
1047,13.00,28641.00,4.60,336.57,175.46,KY
1048,8.00,25538.00,4.90,311.28,119.66,WI
1049,14.00,25021.00,1.70,126.68,15.16,CA
1050,0.00,31.00,2.60,199.20,119.66,TX
1051,13.00,45365.00,2.70,189.00,175.46,SC
1052,10.00,17156.00,6.90,544.41,229.17,TX
1053,11.00,12446.00,2.00,139.67,119.66,NC
1054,12.00,16444.00,2.40,173.56,176.91,KY
1055,18.00,49762.00,5.60,556.49,119.66,CA
1056,3.00,5332.00,2.40,147.76,206.14,FL
1057,7.00,39093.00,6.40,439.79,136.91,FL
1058,17.00,31652.00,1.70,154.80,175.46,CA
1059,16.00,70657.00,2.60,206.46,175.46,TX
1060,16.00,22906.00,1.70,129.85,175.46,TX
1061,10.00,25306.00,2.00,145.60,119.66,VA
1062,8.00,26644.00,1.70,102.00,128.21,IL
1063,9.00,15483.00,1.90,164.73,175.46,CA
1064,7.00,15299.00,2.70,211.31,206.14,TX
1065,12.00,26747.00,0.50,34.25,128.21,GA
1066,5.00,12897.00,2.40,179.07,206.14,CA
1067,19.00,43567.00,1.40,108.13,119.66,AZ
1068,11.00,16743.00,17.60,1020.80,896.14,IA
1069,22.00,26056.00,3.60,283.35,119.66,FL
1070,9.00,32340.00,2.40,157.72,119.66,FL
1071,2.00,2888.00,4.90,339.45,119.66,NC
1072,0.00,137.00,0.80,51.20,0.00,FL
1073,22.00,37354.00,4.30,329.22,119.66,TX
1074,16.00,48295.00,0.80,55.36,119.66,CO
1075,11.00,37752.00,5.50,378.20,256.23,OH
1076,4.00,12065.00,1.50,106.34,119.66,CA
1077,7.00,78799.00,1.20,82.73,119.66,TN
1078,7.00,75310.00,1.90,130.96,119.66,TN
1079,5.00,45021.00,2.70,186.10,119.66,TN
1080,2.00,24769.00,4.70,312.68,282.68,TN
1081,12.00,14279.00,1.20,97.00,119.66,TX
1082,5.00,25789.00,3.80,272.74,119.66,FL
1083,1.00,1526.00,0.70,53.51,149.03,TX
1084,12.00,34120.00,5.70,460.61,322.18,TX
1085,7.00,31078.00,0.70,46.46,123.57,TX
1086,1.00,2277.00,3.80,248.42,119.66,TX
1087,12.00,15545.00,1.80,143.04,119.66,TX
1088,16.00,22952.00,1.30,128.70,119.66,CA
1089,13.00,47488.00,2.30,195.50,322.18,CO
1090,14.00,65200.00,5.50,378.26,284.02,OK
1091,0.00,12.00,0.60,38.40,0.00,FL
1092,6.00,12530.00,1.50,104.39,119.66,LA
1093,8.00,18082.00,2.40,167.02,119.66,LA
1094,11.00,53726.00,1.30,69.42,119.66,LA
1095,13.00,31183.00,2.60,221.22,119.66,VA
1096,14.00,17798.00,0.00,0.00,0.00,LA
1097,15.00,23234.00,0.80,66.05,119.66,TX
1098,21.00,53969.00,4.30,427.31,175.46,CA
1099,11.00,24427.00,4.00,318.74,119.66,KS
1100,5.00,13372.00,3.40,221.00,118.47,AR
1101,13.00,26016.00,3.90,301.18,175.46,AZ
1102,1.00,230.00,2.30,178.02,212.33,TX
1103,19.00,45847.00,1.40,98.24,120.36,TX
1104,6.00,4999.00,2.60,177.39,122.38,NY
1105,5.00,17844.00,1.70,131.18,261.93,CA
1106,2.00,1661.00,5.10,320.97,176.58,FL
1107,0.00,13.00,3.70,259.33,119.66,OH
1108,2.00,1485.00,1.50,95.79,119.66,FL
1109,12.00,20908.00,4.00,303.40,119.66,TN
1110,10.00,26922.00,5.00,283.69,175.46,MT
1111,18.00,88350.00,2.90,190.20,119.66,OK
1112,8.00,16319.00,5.40,416.50,119.66,NV
1113,4.00,20615.00,3.40,197.51,119.66,LA
1114,17.00,29223.00,4.60,335.68,175.46,LA
1115,8.00,23116.00,4.90,283.50,175.46,SC
1116,17.00,65568.00,2.50,176.67,206.14,FL
1117,6.00,11000.00,1.00,63.47,162.05,TX
1118,13.00,16371.00,1.20,92.05,119.66,LA
1119,1.00,1079.00,0.80,58.16,128.21,GA
1120,11.00,15793.00,1.00,81.10,126.04,CA
1121,10.00,15571.00,2.80,227.09,119.66,CA
1122,12.00,20837.00,2.80,173.60,119.66,SC
1123,1.00,1369.00,1.00,81.10,128.21,GA
1124,5.00,16068.00,2.30,153.18,119.66,TX
1125,17.00,39682.00,3.20,257.30,119.66,TX
1126,0.00,55.00,4.80,406.56,147.11,CA
1127,0.00,66.00,7.50,658.18,119.66,CA
1128,9.00,38300.00,8.20,582.87,121.65,NC
1129,6.00,9872.00,0.90,62.82,119.66,OR
1130,14.00,18122.00,5.30,453.59,119.66,CA
1131,16.00,33963.00,1.90,116.61,128.21,GA
1132,16.00,43420.00,0.90,66.60,119.66,LA
1133,15.00,43717.00,2.90,160.47,175.46,SC
1134,5.00,11790.00,1.20,78.95,119.66,OK
1135,8.00,16093.00,1.30,116.18,119.66,CA
1136,2.00,3461.00,6.10,520.50,119.66,CA
1137,14.00,41890.00,4.90,368.34,175.46,TX
1138,1.00,289.00,1.40,123.05,118.36,CA
1139,9.00,9789.00,5.70,424.55,119.66,TX
1140,9.00,4652.00,1.70,115.65,175.46,MT
1141,4.00,3412.00,4.20,239.40,175.46,MN
1142,12.00,30441.00,2.60,184.52,192.71,FL
1143,12.00,20419.00,5.10,380.04,385.22,WI
1144,20.00,35864.00,2.10,176.94,188.00,GA
1145,8.00,23590.00,2.70,193.61,175.46,TX
1146,9.00,11267.00,2.30,160.55,175.46,TX
1147,7.00,15589.00,4.00,276.78,119.66,FL
1148,11.00,12480.00,1.00,55.50,119.66,MS
1149,11.00,48466.00,4.90,357.86,119.66,AZ
1150,17.00,27820.00,1.50,105.32,119.66,TX
1151,12.00,29774.00,3.40,227.12,243.65,TX
1152,5.00,29504.00,0.70,45.57,119.66,TX
1153,22.00,52671.00,2.30,232.06,175.46,TX
1154,10.00,26178.00,2.10,131.18,119.66,KY
1155,6.00,17339.00,2.70,202.77,119.66,TX
1156,7.00,22845.00,3.90,326.85,119.66,CA
1157,2.00,3844.00,4.40,263.19,119.66,OK
1158,0.00,177.00,2.40,171.78,119.66,TX
1159,10.00,32462.00,8.10,604.41,500.69,MS
1160,0.00,12.00,0.70,44.80,0.00,FL
1161,0.00,166.00,2.90,208.80,206.14,NM
1162,3.00,9275.00,2.60,165.27,119.66,FL
1163,1.00,2912.00,3.70,223.11,119.66,TX
1164,5.00,20028.00,1.60,93.22,119.66,LA
1165,0.00,260.00,0.70,47.55,175.46,TX
1166,3.00,703.00,1.00,65.72,119.66,AL
1167,14.00,12509.00,6.30,552.89,119.66,CA
1168,7.00,5688.00,7.40,610.89,215.84,CA
1169,0.00,6.00,1.30,94.20,118.36,TX
1170,14.00,21018.00,7.10,518.55,119.66,AZ
1171,1.00,435.00,5.10,395.30,0.00,CA
1172,9.00,19028.00,2.20,160.96,119.66,FL
1173,1.00,546.00,2.40,182.40,0.00,GA
1174,10.00,24348.00,5.90,468.36,119.66,SC
1175,3.00,835.00,0.80,52.61,166.53,OK
1176,0.00,5.00,2.70,179.66,126.81,GA
1177,15.00,18402.00,5.30,453.59,119.66,CA
1178,19.00,25240.00,2.60,189.10,119.66,MS
1179,11.00,7188.00,2.80,187.88,119.66,AL
1180,0.00,6.00,1.00,62.20,119.66,FL
1181,16.00,35099.00,6.70,573.40,832.02,CA
1182,12.00,12005.00,3.10,252.29,118.47,AZ
1183,18.00,18854.00,3.60,286.92,119.66,LA
1184,7.00,12529.00,0.80,56.11,119.66,OK
1185,3.00,2623.00,3.30,229.40,119.66,FL
1186,0.00,43.00,0.80,48.03,128.21,GA
1187,3.00,814.00,1.30,92.56,119.66,TX
1188,1.00,1421.00,4.10,278.80,119.66,LA
1189,9.00,22358.00,2.00,124.72,119.66,AL
1190,0.00,225.00,0.80,57.36,119.66,TX
1191,2.00,2414.00,1.60,115.53,119.66,FL
1192,1.00,138.00,1.20,74.64,119.66,FL
1193,19.00,48768.00,1.50,81.00,119.66,NC
1194,2.00,2993.00,3.40,206.72,119.66,TX
1195,11.00,19324.00,1.00,83.89,119.66,CA
1196,19.00,52598.00,1.00,68.28,119.66,AL
1197,9.00,24025.00,0.40,33.03,119.66,CA
1198,12.00,13587.00,1.90,154.23,119.66,CA
1199,1.00,154.00,1.70,120.20,149.14,SC
1200,1.00,419.00,4.10,261.51,119.66,FL
1201,12.00,18506.00,0.20,17.76,153.85,NJ
1202,1.00,1801.00,2.90,210.59,119.66,TX
1203,9.00,20628.00,3.90,286.37,119.66,TX
1204,0.00,243.00,6.80,390.29,137.61,SC
1205,0.00,404.00,0.60,46.00,119.66,LA
1206,8.00,31871.00,1.90,134.35,119.66,SC
1207,19.00,54511.00,2.40,184.70,119.66,AL
1208,12.00,12618.00,1.90,127.32,119.66,LA
1209,17.00,17796.00,1.60,138.71,404.78,CA
1210,19.00,17189.00,1.80,138.07,119.66,CA
1211,11.00,12410.00,1.20,97.32,188.00,GA
1212,6.00,55137.00,4.00,259.27,175.46,PA
1213,17.00,37402.00,2.60,228.49,244.71,CA
1214,11.00,25638.00,4.10,321.26,119.66,PA
1215,5.00,16329.00,2.70,213.30,128.21,GA
1216,19.00,51560.00,7.50,506.51,284.02,TX
1217,0.00,25.00,1.40,97.98,119.66,TX
1218,1.00,91.00,1.70,136.90,119.66,CT
1219,-1.00,10.00,1.50,82.18,119.66,TN
1220,1.00,44.00,1.10,74.75,142.03,OK
1221,9.00,8524.00,1.70,135.75,134.71,CA
1222,1.00,660.00,2.40,181.41,119.66,NC
1223,1.00,438.00,2.00,161.05,119.66,CT
1224,6.00,32019.00,5.00,493.82,128.03,NJ
1225,1.00,1311.00,2.10,156.27,119.66,FL
1226,23.00,47287.00,1.20,107.77,119.66,CA
1227,21.00,99983.00,0.60,52.96,121.54,CA
1228,2.00,1101.00,1.60,156.19,145.08,NY
1229,1.00,2500.00,0.90,62.42,119.66,LA
1230,1.00,138.00,6.90,484.50,119.66,TX
1231,1.00,526.00,5.50,427.90,119.66,TX
1232,0.00,94.00,1.40,113.52,128.21,GA
1233,14.00,13618.00,3.40,333.79,134.35,CA
1234,12.00,41970.00,5.90,403.02,119.66,VA
1235,1.00,456.00,5.40,387.23,119.66,TX
1236,16.00,51516.00,6.60,418.20,200.54,PA
1237,1.00,644.00,5.60,357.18,119.66,FL
1238,1.00,237.00,1.20,69.88,119.66,MS
1239,0.00,14.00,2.00,123.63,119.66,SD
1240,9.00,73301.00,3.40,210.80,405.27,SC
1241,14.00,31689.00,7.00,516.97,119.66,IA
1242,15.00,53069.00,2.80,222.67,119.66,MI
1243,5.00,10299.00,3.00,278.70,175.46,CA
1244,0.00,5.00,1.10,64.60,117.18,NY
1245,1.00,1930.00,2.40,159.30,119.66,MD
1246,2.00,1777.00,2.40,150.28,175.46,FL
1247,10.00,34306.00,6.50,489.64,297.89,FL
1248,1.00,354.00,2.40,166.82,119.66,FL
1249,1.00,632.00,1.80,179.10,119.66,NY
1250,3.00,12259.00,5.30,374.09,460.58,AZ
1251,8.00,14970.00,0.80,41.44,128.21,GA
1252,2.00,2896.00,3.10,229.40,175.45,TN
1253,0.00,300.00,5.30,307.88,119.66,LA
1254,1.00,633.00,2.00,148.40,119.66,FL
1255,6.00,5954.00,20.20,1903.43,184.86,NY
1256,18.00,23642.00,1.30,94.69,175.46,MN
1257,20.00,20171.00,3.50,198.99,119.66,PA
1258,2.00,98.00,2.20,170.94,176.26,RI
1259,0.00,16.00,1.20,98.03,119.66,NC
1260,2.00,883.00,2.20,214.79,119.66,NY
1261,10.00,27934.00,6.70,573.40,119.66,CA
1262,15.00,17894.00,2.30,182.85,118.47,TX
1263,16.00,16348.00,4.30,302.70,119.66,TX
1264,0.00,334.00,2.70,209.95,206.14,CA
1265,5.00,11932.00,2.90,208.24,175.46,TX
1266,8.00,47370.00,12.90,923.41,944.14,MO
1267,14.00,33466.00,4.60,326.60,175.46,TX
1268,3.00,3465.00,3.80,257.31,119.66,TX
1269,8.00,10500.00,2.60,169.00,118.47,AR
1270,1.00,401.00,2.90,214.01,119.66,UT
1271,12.00,24988.00,4.30,308.77,119.66,TX
1272,11.00,17159.00,2.40,173.35,119.66,WA
1273,14.00,37567.00,3.70,314.37,119.66,CA
1274,21.00,61735.00,2.90,228.25,290.55,FL
1275,6.00,12455.00,3.00,203.14,141.16,TX
1276,14.00,32178.00,4.10,306.78,131.00,FL
1277,5.00,15003.00,3.90,326.84,119.66,CA
1278,0.00,16.00,3.80,327.81,119.66,CA
1279,5.00,1498.00,3.00,256.00,119.66,CA
1280,22.00,47213.00,6.30,528.97,175.46,TX
1281,9.00,14829.00,4.50,376.90,380.83,CO
1282,12.00,20510.00,2.80,186.20,55.80,MI
1283,12.00,16762.00,2.80,189.60,287.76,TX
1284,14.00,10254.00,4.70,364.29,1428.78,AZ
1285,9.00,32622.00,7.40,586.95,57.55,NV
1286,10.00,6293.00,3.70,286.01,119.66,UT
1287,19.00,13643.00,4.00,349.67,175.46,CA
1288,6.00,11702.00,2.00,149.14,119.66,FL
1289,2.00,3744.00,12.70,912.36,364.38,NM
1290,7.00,10850.00,6.70,535.38,261.93,NV
1291,11.00,28320.00,2.00,118.37,119.66,WV
1292,4.00,7909.00,4.50,347.07,119.66,NV
1293,15.00,30478.00,1.40,77.70,119.66,MS
1294,5.00,19100.00,6.30,476.72,867.68,AZ
1295,6.00,17630.00,0.70,46.13,123.38,MS
1296,14.00,45937.00,8.00,616.64,309.45,FL
1297,14.00,19869.00,1.50,126.21,55.80,CA
1298,14.00,19843.00,3.50,286.33,119.66,AZ
1299,11.00,25552.00,1.40,108.88,119.66,TX
1300,10.00,15622.00,9.80,715.76,471.70,AZ
1301,21.00,37407.00,5.00,406.50,284.02,TX
1302,19.00,20652.00,1.10,72.71,119.66,ID
1303,22.00,35267.00,2.50,178.75,119.66,FL
1304,6.00,6509.00,4.20,328.09,119.66,TX
1305,15.00,17695.00,2.60,176.04,119.66,FL
1306,12.00,16394.00,3.10,256.88,206.14,CA
1307,12.00,14168.00,7.90,698.36,118.47,CA
1308,13.00,12479.00,1.90,138.70,146.08,TN
1309,17.00,22212.00,6.50,534.30,118.47,WA
1310,1.00,1241.00,3.80,239.30,118.36,FL
1311,9.00,19204.00,4.60,341.32,119.66,FL
1312,17.00,17352.00,5.20,415.51,181.23,NV
1313,19.00,64627.00,1.30,103.23,119.66,TX
1314,15.00,21400.00,3.20,259.53,0.00,CA
1315,4.00,3704.00,6.60,523.51,175.46,NV
1316,8.00,14472.00,4.70,330.86,119.66,TX
1317,11.00,43203.00,4.20,312.90,175.46,VA
1318,0.00,1.00,1.10,88.96,119.66,MI
1319,12.00,10594.00,1.30,103.07,119.66,VA
1320,6.00,13301.00,4.00,250.64,0.00,TX
1321,22.00,30227.00,1.50,136.36,175.46,VA
1322,19.00,17932.00,1.00,75.49,119.66,TX
1323,18.00,34667.00,4.60,387.60,119.66,AZ
1324,10.00,17027.00,2.20,146.51,119.66,AR
1325,11.00,17201.00,1.50,115.95,175.46,CA
1326,21.00,26466.00,6.30,493.88,175.46,AZ
1327,12.00,9600.00,2.10,173.47,119.66,AZ
1328,10.00,12607.00,1.50,93.43,178.07,NC
1329,8.00,17694.00,0.00,0.00,0.00,MT
1330,22.00,38086.00,5.10,432.96,119.66,CA
1331,3.00,5175.00,5.30,396.53,119.66,CA
1332,10.00,19486.00,8.20,655.24,317.75,NV
1333,6.00,5161.00,5.00,438.80,206.14,CA
1334,10.00,24218.00,4.20,312.50,119.66,TX
1335,1.00,5094.00,3.50,287.00,0.00,CA
1336,13.00,26361.00,1.30,105.42,137.08,AZ
1337,20.00,94592.00,2.10,114.80,235.07,PA
1338,4.00,14542.00,2.70,218.95,128.21,GA
1339,11.00,20985.00,4.90,304.63,206.48,GA
1340,21.00,19263.00,8.10,744.06,284.02,CA
1341,20.00,86083.00,6.60,503.10,175.46,TX
1342,3.00,4017.00,0.70,56.57,126.94,TX
1343,5.00,10678.00,0.70,52.37,119.66,FL
1344,4.00,6064.00,2.60,192.90,119.66,FL
1345,17.00,24988.00,4.40,328.66,234.75,FL
1346,3.00,3566.00,3.70,293.99,119.66,OH
1347,3.00,5136.00,3.60,279.10,119.66,AZ
1348,6.00,59525.00,0.90,37.17,114.53,*
1349,4.00,12289.00,1.50,106.05,175.46,PA
1350,2.00,900.00,2.20,153.47,119.66,MA
1351,8.00,14967.00,1.70,126.24,128.21,IN
1352,5.00,10155.00,3.30,247.86,445.31,PA
1353,12.00,64176.00,3.10,240.33,119.66,AZ
1354,3.00,11995.00,1.30,83.77,119.66,FL
1355,4.00,5437.00,1.20,88.84,119.66,KY
1356,15.00,62100.00,6.50,456.37,175.46,MT
1357,0.00,569.00,1.00,75.41,119.66,TX
1358,16.00,24550.00,1.80,120.35,119.66,NC
1359,1.00,1157.00,4.10,314.95,118.36,NV
1360,15.00,21504.00,1.60,119.06,119.66,FL
1361,15.00,29017.00,3.30,255.09,119.66,UT
1362,10.00,9359.00,4.30,273.34,128.21,GA
1363,5.00,31338.00,35.20,2652.37,75.17,TX
1364,0.00,3.00,3.10,244.90,0.00,CO
1365,2.00,2589.00,0.20,15.65,119.66,TX
1366,3.00,3095.00,8.50,607.75,160.96,GA
1367,4.00,2863.00,4.40,317.71,119.66,MD
1368,1.00,911.00,1.20,80.46,119.66,AL
1369,12.00,22492.00,1.00,75.04,213.85,FL
1370,7.00,75106.00,2.30,209.73,0.00,TX
1371,14.00,72079.00,2.00,169.27,119.66,AL
1372,8.00,33858.00,1.70,143.24,128.21,GA
1373,13.00,21179.00,8.70,689.67,175.46,CA
1374,12.00,37090.00,0.00,0.00,0.00,PA
1375,0.00,15.00,4.20,366.13,167.52,NJ
1376,11.00,38100.00,2.20,183.45,120.02,CA
1377,2.00,1016.00,0.90,43.41,119.66,ME
1378,9.00,12333.00,4.20,372.54,128.21,IL
1379,12.00,21101.00,1.40,96.20,119.66,FL
1380,3.00,20426.00,1.70,133.45,119.66,KS
1381,-1.00,122.00,1.70,142.24,119.66,MA
1382,6.00,2069.00,3.50,277.46,119.66,WA
1383,0.00,177.00,0.80,58.21,119.66,NC
1384,4.00,5071.00,5.50,426.30,175.46,AZ
1385,-1.00,34473.00,11.80,933.61,1942.55,CA
1386,19.00,23081.00,2.50,174.96,119.66,FL
1387,15.00,25627.00,3.50,264.74,239.05,FL
1388,11.00,26348.00,2.30,183.28,196.82,KS
1389,2.00,1309.00,24.40,1492.31,621.95,TX
1390,10.00,24130.00,5.10,364.98,404.78,FL
1391,0.00,45.00,2.60,186.43,119.66,TX
1392,16.00,27665.00,1.60,86.54,206.48,GA
1393,16.00,64702.00,4.30,296.39,322.18,TN
1394,5.00,8707.00,3.50,319.56,175.46,CA
1395,0.00,523.00,5.20,400.90,119.66,FL
1396,9.00,23431.00,5.30,435.22,119.66,WA
1397,17.00,52756.00,2.60,188.54,119.66,TX
1398,13.00,5301.00,0.80,58.75,119.66,NC
1399,17.00,11065.00,2.00,128.21,119.66,AL
1400,1.00,587.00,4.30,297.86,119.66,NC
1401,9.00,14937.00,2.60,202.24,119.66,MD
1402,1.00,203.00,1.20,94.73,12.64,WA
1403,7.00,10454.00,1.80,138.01,119.66,LA
1404,17.00,43898.00,0.70,57.92,119.66,UT
1405,10.00,22321.00,0.70,61.25,41.08,VA
1406,8.00,6441.00,4.10,381.76,214.89,HI
1407,2.00,116.00,1.80,144.00,119.66,OR
1408,1.00,173.00,2.40,174.62,119.66,NC
1409,2.00,347.00,2.20,160.07,119.66,NC
1410,17.00,41531.00,2.80,210.00,322.18,SD
1411,14.00,31208.00,0.70,53.67,133.59,LA
1412,0.00,290.00,1.80,149.02,140.66,MD
1413,10.00,72355.00,5.30,340.08,281.10,LA
1414,4.00,1625.00,4.30,288.55,119.66,TX
1415,0.00,191.00,2.20,160.08,119.66,NC
1416,5.00,9725.00,1.70,134.47,175.46,VA
1417,13.00,18526.00,1.10,99.24,119.66,VA
1418,17.00,31761.00,4.60,364.48,0.00,MD
1419,20.00,91271.00,1.50,99.88,128.21,GA
1420,1.00,119.00,2.50,193.18,175.46,CA
1421,13.00,17922.00,4.70,374.25,119.66,MI
1422,-1.00,622.00,1.90,156.91,128.21,GA
1423,5.00,1.00,2.90,230.02,38.36,MI
1424,16.00,23824.00,5.30,535.92,119.66,NY
1425,17.00,40363.00,1.20,92.89,119.66,VA
1426,13.00,28801.00,5.30,425.26,121.21,CA
1427,5.00,11565.00,4.60,442.98,221.71,NJ
1428,9.00,13730.00,7.60,612.48,175.46,CA
1429,6.00,4720.00,1.20,104.32,119.66,MA
1430,6.00,11192.00,11.10,701.63,311.14,TN
1431,14.00,23553.00,3.40,289.37,119.66,CO
1432,14.00,40719.00,1.90,107.55,176.44,MO
1433,8.00,4952.00,0.40,22.80,119.66,PA
1434,14.00,34402.00,2.10,142.31,175.46,TX
1435,12.00,21559.00,8.10,598.23,820.86,IA
1436,2.00,329.00,2.60,185.64,9.73,CT
1437,19.00,21192.00,7.10,498.47,260.67,MT
1438,3.00,4001.00,1.60,102.49,138.19,MO
1439,1.00,1597.00,0.50,33.05,119.66,KS
1440,22.00,32750.00,0.80,69.55,119.66,MA
1441,12.00,37153.00,1.60,98.50,119.66,FL
1442,3.00,5412.00,3.90,219.57,119.66,KY
1443,20.00,32387.00,5.20,378.87,322.18,SC
1444,19.00,45273.00,7.80,543.35,944.04,TX
1445,6.00,10493.00,9.80,536.58,371.24,NY
1446,13.00,51313.00,3.10,190.01,119.66,OK
1447,15.00,41833.00,1.70,107.78,206.14,OK
1448,10.00,29132.00,4.40,343.71,206.14,TX
1449,19.00,18423.00,5.10,524.61,175.46,CA
1450,12.00,62728.00,0.20,14.04,119.66,TX
1451,12.00,12891.00,5.10,432.96,119.66,CA
1452,16.00,23584.00,4.80,407.77,175.46,CA
1453,19.00,33086.00,2.00,151.41,119.66,WY
1454,14.00,27732.00,1.70,111.69,119.66,MO
1455,12.00,13304.00,6.40,341.01,299.63,AR
1456,8.00,13785.00,2.50,203.51,119.66,TX
1457,18.00,12666.00,0.70,49.67,119.66,NC
1458,17.00,11977.00,5.60,397.37,404.78,NC
1459,5.00,5065.00,9.00,557.57,316.56,NC
1460,-1.00,56.00,4.40,279.70,0.00,GA
1461,16.00,43186.00,2.50,175.99,119.66,TX
1462,14.00,8883.00,1.90,130.15,175.46,CO
1463,3.00,10471.00,6.70,444.77,654.28,OK
1464,20.00,25541.00,1.60,114.61,119.66,OK
1465,11.00,46483.00,2.00,132.74,119.66,TX
1466,4.00,7094.00,2.40,176.41,126.81,GA
1467,16.00,27723.00,1.20,83.98,119.66,FL
1468,1.00,682.00,1.30,85.49,119.66,TX
1469,11.00,14521.00,7.30,517.99,119.66,NC
1470,14.00,35720.00,0.00,0.00,0.00,MA
1471,10.00,14117.00,4.30,302.72,0.00,FL
1472,13.00,14861.00,4.80,365.89,119.66,NC
1473,9.00,33194.00,3.20,220.38,119.66,TX
1474,1.00,2286.00,4.70,355.63,119.66,CT
1475,4.00,15401.00,0.20,11.84,128.21,GA
1476,20.00,38966.00,6.30,468.44,119.66,FL
1477,13.00,41072.00,5.30,393.26,119.66,FL
1478,9.00,31993.00,0.00,0.00,0.00,OK
1479,5.00,16535.00,2.50,196.46,191.97,PA
1480,9.00,11152.00,0.60,54.06,145.56,NJ
1481,2.00,1579.00,1.20,64.37,119.66,MO
1482,16.00,16016.00,1.70,116.12,119.66,PA
1483,10.00,23118.00,3.70,229.89,119.66,TX
1484,12.00,14099.00,4.10,247.11,937.07,ME
1485,10.00,7367.00,2.10,191.30,153.16,NJ
1486,14.00,15497.00,6.60,508.82,119.66,FL
1487,-1.00,226.00,1.10,75.90,123.06,PA
1488,0.00,125.00,2.50,115.95,119.66,WV
1489,8.00,30595.00,0.40,24.86,119.66,PA
1490,16.00,42067.00,4.10,318.67,175.46,ME
1491,8.00,7778.00,1.30,104.00,123.36,WI
1492,12.00,3119.00,0.90,37.66,188.00,IL
1493,17.00,13603.00,0.00,0.00,0.00,WI
1494,3.00,8541.00,3.20,151.11,345.98,GA
1495,3.00,2327.00,1.60,134.02,119.66,CO
1496,13.00,13521.00,2.80,168.00,118.47,SC
1497,-1.00,6.00,0.80,59.76,119.66,CT
1498,19.00,49050.00,1.00,63.09,177.01,KS
1499,14.00,12162.00,2.20,143.44,119.66,MO
1500,6.00,8123.00,0.20,12.78,119.66,KS
1501,7.00,6905.00,1.80,96.87,119.66,PA
1502,6.00,3296.00,1.50,80.80,119.66,MT
1503,17.00,66301.00,2.30,167.44,121.54,TX
1504,3.00,200.00,1.30,92.90,118.47,WI
1505,4.00,2188.00,2.40,202.47,225.60,NJ
1506,2.00,5103.00,5.50,374.00,1.85,FL
1507,13.00,34379.00,2.00,104.93,119.66,MO
1508,0.00,41.00,3.00,177.70,118.36,NY
1509,14.00,31196.00,4.30,319.47,175.46,TX
1510,6.00,5777.00,5.40,398.61,129.24,OK
1511,17.00,72173.00,2.70,174.24,119.66,TX
1512,10.00,20781.00,4.60,345.34,219.38,OK
1513,19.00,32124.00,3.00,200.59,348.01,TX
1514,4.00,1392.00,3.20,248.83,206.14,CA
1515,7.00,17610.00,12.90,1186.80,1859.15,NV
1516,17.00,16612.00,5.70,422.94,119.66,FL
1517,1.00,5.00,2.40,166.83,119.66,TX
1518,6.00,17334.00,1.70,137.86,128.21,GA
1519,17.00,32384.00,3.30,236.33,215.84,TN
1520,11.00,40962.00,2.10,160.02,136.91,ID
1521,1.00,411.00,1.50,87.35,128.21,IN
1522,0.00,5.00,4.20,384.36,117.18,CA
1523,6.00,17212.00,0.70,52.96,131.03,CT
1524,6.00,17211.00,10.30,779.35,1583.62,CT
1525,2.00,447.00,0.00,0.00,0.00,VA
1526,1.00,242.00,5.30,358.81,119.66,OK
1527,5.00,21014.00,1.10,88.95,128.21,GA
1528,3.00,4748.00,1.90,136.37,119.66,FL
1529,6.00,15516.00,2.30,109.92,119.66,NE
1530,13.00,27474.00,1.80,135.18,119.66,FL
1531,11.00,63333.00,12.70,844.82,0.00,FL
1532,16.00,95227.00,6.80,551.43,128.21,GA
1533,11.00,16497.00,5.90,525.69,122.76,MA
1534,0.00,22.00,5.70,445.27,119.66,TX
1535,18.00,7650.00,5.90,494.63,119.66,CA
1536,13.00,15080.00,0.00,0.00,0.00,NJ
1537,8.00,22584.00,10.90,859.52,393.09,TX
1538,8.00,30490.00,6.00,450.20,206.14,FL
1539,15.00,15743.00,6.40,447.89,175.46,WA
1540,13.00,20593.00,1.70,137.86,128.21,GA
1541,11.00,35033.00,1.40,97.70,53.49,KS
1542,5.00,7632.00,3.10,264.99,119.66,WA
1543,4.00,7459.00,8.20,608.44,119.66,FL
1544,20.00,55202.00,5.80,413.34,1212.08,OH
1545,6.00,12350.00,0.90,69.54,119.66,WA
1546,0.00,11327.00,1.70,136.35,346.24,CA
1547,14.00,40966.00,2.50,193.78,201.00,AZ
1548,10.00,39482.00,2.90,167.08,175.46,OK
1549,19.00,29047.00,2.60,235.35,0.00,CA
1550,12.00,50272.00,8.70,512.12,2107.07,AL
1551,18.00,56451.00,6.50,450.45,965.12,FL
1552,3.00,10853.00,6.50,440.92,175.46,PA
1553,8.00,14746.00,0.70,55.27,119.66,OR
1554,12.00,15697.00,0.20,14.40,119.66,FL
1555,4.00,7522.00,1.90,158.77,160.34,NJ
1556,14.00,22911.00,7.00,535.56,180.12,FL
1557,7.00,16963.00,1.50,93.24,0.00,SD
1558,7.00,19539.00,1.50,93.00,175.46,NC
1559,6.00,20257.00,3.60,269.70,188.00,IN
1560,19.00,42000.00,2.40,269.19,175.46,CA
1561,18.00,31241.00,3.50,251.04,119.66,NC
1562,8.00,10626.00,3.30,235.85,287.56,KY
1563,9.00,19006.00,1.30,94.51,128.21,GA
1564,10.00,19350.00,5.10,370.77,345.20,GA
1565,6.00,14174.00,0.90,67.47,0.00,AZ
1566,12.00,16678.00,2.20,154.49,174.27,LA
1567,2.00,2389.00,3.40,285.03,338.48,UT
1568,10.00,26163.00,2.20,150.85,175.46,FL
1569,8.00,40212.00,1.20,111.60,143.48,NY
1570,0.00,3.00,0.70,44.43,0.00,PA
1571,6.00,7966.00,1.00,46.17,119.66,IA
1572,5.00,2184.00,1.00,74.50,44.00,VA
1573,13.00,18846.00,10.90,716.70,373.12,PA
1574,8.00,13922.00,1.00,73.00,175.46,MN
1575,1.00,414.00,6.30,540.32,284.02,MA
1576,21.00,83836.00,1.60,129.88,119.66,CA
1577,0.00,2.00,0.60,38.08,0.00,PA
1578,1.00,187.00,1.70,139.08,118.47,VA
1579,2.00,1397.00,8.20,461.17,119.66,VT
1580,8.00,15755.00,15.70,981.25,1030.24,PA
1581,1.00,1042.00,2.00,153.51,23.13,NV
1582,0.00,1.00,0.30,19.04,0.00,PA
1583,9.00,14558.00,2.30,162.63,339.90,NY
1584,5.00,6794.00,0.40,28.36,119.66,NC
1585,0.00,2.00,0.20,12.69,2.81,PA
1586,0.00,108.00,0.70,52.93,132.89,PA
1587,9.00,30640.00,4.30,297.54,175.46,FL
1588,9.00,30735.00,8.90,615.82,858.49,FL
1589,13.00,19030.00,1.80,129.70,119.66,NY
1590,0.00,167.00,1.00,75.14,119.66,CT
1591,2.00,841.00,1.80,148.79,119.66,MA
1592,0.00,5.00,4.40,338.22,117.18,MI
1593,15.00,34018.00,4.10,298.75,119.66,FL
1594,19.00,63904.00,4.40,339.97,261.16,TX
1595,20.00,65651.00,5.00,386.33,175.46,TX
1596,7.00,496.00,1.40,91.51,119.66,LA
1597,7.00,14422.00,0.70,48.66,131.70,FL
1598,9.00,11229.00,2.60,176.06,119.66,TX
1599,18.00,14233.00,4.40,385.77,153.16,NJ
1600,6.00,14155.00,2.00,155.40,119.66,RI
1601,1.00,405.00,1.40,136.69,119.66,NY
1602,1.00,444.00,1.60,141.76,119.66,NY
1603,17.00,75587.00,5.00,421.29,128.21,GA
1604,19.00,35645.00,3.00,189.90,188.00,GA
1605,9.00,16481.00,1.30,85.33,119.66,PA
1606,12.00,30104.00,2.10,220.82,17.76,CA
1607,10.00,27328.00,0.60,44.69,175.46,TX
1608,16.00,56013.00,4.20,281.40,119.66,TX
1609,5.00,7131.00,0.20,9.45,119.66,VT
1610,0.00,115.00,3.40,261.57,146.25,NJ
1611,13.00,32894.00,0.70,49.10,123.69,TN
1612,12.00,17432.00,13.20,982.19,651.81,FL
1613,7.00,15085.00,4.60,340.71,119.66,AL
1614,15.00,31720.00,10.00,695.09,192.89,FL
1615,2.00,6740.00,3.80,205.14,407.00,FL
1616,9.00,47314.00,5.60,356.69,119.66,FL
1617,12.00,13073.00,3.90,273.54,132.86,OK
1618,15.00,29786.00,0.70,55.78,126.51,KS
1619,1.00,147.00,0.80,78.11,119.66,NY
1620,11.00,15565.00,33.90,3234.41,2046.03,HI
1621,0.00,2.00,2.10,185.08,0.00,CA
1622,14.00,17195.00,4.50,318.10,371.59,IL
1623,13.00,28125.00,3.50,306.53,152.05,NJ
1624,23.00,33011.00,1.80,129.04,119.66,PA
